check,file,status,value,detail
core file exists,training/JPMorgan_Chase/transactions.csv.gz,PASS,True,
core file exists,training/JPMorgan_Chase/ground_truth.csv.gz,PASS,True,
core file exists,training/JPMorgan_Chase/edge_list.csv.gz,PASS,True,
core file exists,training/JPMorgan_Chase/node_map.csv.gz,PASS,True,
core file exists,training/JPMorgan_Chase/node_features.csv.gz,PASS,True,
row count,training/JPMorgan_Chase/transactions.csv.gz,PASS,126423,
duplicate rows,training/JPMorgan_Chase/transactions.csv.gz,PASS,0,
missing values by column,training/JPMorgan_Chase/transactions.csv.gz::txn_id,PASS,0,
missing values by column,training/JPMorgan_Chase/transactions.csv.gz::timestamp,PASS,0,
missing values by column,training/JPMorgan_Chase/transactions.csv.gz::Transaction_Date,PASS,0,
missing values by column,training/JPMorgan_Chase/transactions.csv.gz::Transaction_Time,PASS,0,
missing values by column,training/JPMorgan_Chase/transactions.csv.gz::src_id,PASS,0,
missing values by column,training/JPMorgan_Chase/transactions.csv.gz::dst_id,PASS,0,
missing values by column,training/JPMorgan_Chase/transactions.csv.gz::src_bank_id,PASS,0,
missing values by column,training/JPMorgan_Chase/transactions.csv.gz::dst_bank_id,PASS,0,
missing values by column,training/JPMorgan_Chase/transactions.csv.gz::Transaction_Day_of_Week,PASS,0,
missing values by column,training/JPMorgan_Chase/transactions.csv.gz::amount,PASS,0,
missing values by column,training/JPMorgan_Chase/transactions.csv.gz::currency,PASS,0,
missing values by column,training/JPMorgan_Chase/transactions.csv.gz::Amount_Received,PASS,0,
missing values by column,training/JPMorgan_Chase/transactions.csv.gz::Receiving_Currency,PASS,0,
missing values by column,training/JPMorgan_Chase/transactions.csv.gz::payment_format,PASS,0,
missing values by column,training/JPMorgan_Chase/transactions.csv.gz::From_Initial_Balance,PASS,0,
missing values by column,training/JPMorgan_Chase/transactions.csv.gz::To_Initial_Balance,PASS,0,
missing values by column,training/JPMorgan_Chase/transactions.csv.gz::Sufficient_Funds,PASS,0,
missing values by column,training/JPMorgan_Chase/transactions.csv.gz::Overdraft_Okay,PASS,0,
missing values by column,training/JPMorgan_Chase/transactions.csv.gz::Is_All_Cash,PASS,0,
missing values by column,training/JPMorgan_Chase/transactions.csv.gz::Is_Hold,PASS,0,
missing values by column,training/JPMorgan_Chase/transactions.csv.gz::transaction_type_model_safe,PASS,0,
missing values by column,training/JPMorgan_Chase/transactions.csv.gz::src_prev_txn_count,PASS,0,
missing values by column,training/JPMorgan_Chase/transactions.csv.gz::src_prev_amount_sum,PASS,0,
missing values by column,training/JPMorgan_Chase/transactions.csv.gz::src_prev_amount_mean,PASS,0,
missing values by column,training/JPMorgan_Chase/transactions.csv.gz::dst_prev_txn_count,PASS,0,
missing values by column,training/JPMorgan_Chase/transactions.csv.gz::dst_prev_amount_sum,PASS,0,
missing values by column,training/JPMorgan_Chase/transactions.csv.gz::dst_prev_amount_mean,PASS,0,
column dtype,training/JPMorgan_Chase/transactions.csv.gz::txn_id,PASS,int64,
column dtype,training/JPMorgan_Chase/transactions.csv.gz::timestamp,PASS,str,
column dtype,training/JPMorgan_Chase/transactions.csv.gz::Transaction_Date,PASS,str,
column dtype,training/JPMorgan_Chase/transactions.csv.gz::Transaction_Time,PASS,str,
column dtype,training/JPMorgan_Chase/transactions.csv.gz::src_id,PASS,int64,
column dtype,training/JPMorgan_Chase/transactions.csv.gz::dst_id,PASS,int64,
column dtype,training/JPMorgan_Chase/transactions.csv.gz::src_bank_id,PASS,str,
column dtype,training/JPMorgan_Chase/transactions.csv.gz::dst_bank_id,PASS,str,
column dtype,training/JPMorgan_Chase/transactions.csv.gz::Transaction_Day_of_Week,PASS,str,
column dtype,training/JPMorgan_Chase/transactions.csv.gz::amount,PASS,float64,
column dtype,training/JPMorgan_Chase/transactions.csv.gz::currency,PASS,str,
column dtype,training/JPMorgan_Chase/transactions.csv.gz::Amount_Received,PASS,float64,
column dtype,training/JPMorgan_Chase/transactions.csv.gz::Receiving_Currency,PASS,str,
column dtype,training/JPMorgan_Chase/transactions.csv.gz::payment_format,PASS,str,
column dtype,training/JPMorgan_Chase/transactions.csv.gz::From_Initial_Balance,PASS,float64,
column dtype,training/JPMorgan_Chase/transactions.csv.gz::To_Initial_Balance,PASS,float64,
column dtype,training/JPMorgan_Chase/transactions.csv.gz::Sufficient_Funds,PASS,int64,
column dtype,training/JPMorgan_Chase/transactions.csv.gz::Overdraft_Okay,PASS,int64,
column dtype,training/JPMorgan_Chase/transactions.csv.gz::Is_All_Cash,PASS,int64,
column dtype,training/JPMorgan_Chase/transactions.csv.gz::Is_Hold,PASS,int64,
column dtype,training/JPMorgan_Chase/transactions.csv.gz::transaction_type_model_safe,PASS,str,
column dtype,training/JPMorgan_Chase/transactions.csv.gz::src_prev_txn_count,PASS,int64,
column dtype,training/JPMorgan_Chase/transactions.csv.gz::src_prev_amount_sum,PASS,float64,
column dtype,training/JPMorgan_Chase/transactions.csv.gz::src_prev_amount_mean,PASS,float64,
column dtype,training/JPMorgan_Chase/transactions.csv.gz::dst_prev_txn_count,PASS,int64,
column dtype,training/JPMorgan_Chase/transactions.csv.gz::dst_prev_amount_sum,PASS,float64,
column dtype,training/JPMorgan_Chase/transactions.csv.gz::dst_prev_amount_mean,PASS,float64,
row count,training/JPMorgan_Chase/ground_truth.csv.gz,PASS,126423,
duplicate rows,training/JPMorgan_Chase/ground_truth.csv.gz,PASS,0,
missing values by column,training/JPMorgan_Chase/ground_truth.csv.gz::txn_id,PASS,0,
missing values by column,training/JPMorgan_Chase/ground_truth.csv.gz::timestamp,PASS,0,
missing values by column,training/JPMorgan_Chase/ground_truth.csv.gz::split,PASS,0,
missing values by column,training/JPMorgan_Chase/ground_truth.csv.gz::y,PASS,0,
column dtype,training/JPMorgan_Chase/ground_truth.csv.gz::txn_id,PASS,int64,
column dtype,training/JPMorgan_Chase/ground_truth.csv.gz::timestamp,PASS,str,
column dtype,training/JPMorgan_Chase/ground_truth.csv.gz::split,PASS,str,
column dtype,training/JPMorgan_Chase/ground_truth.csv.gz::y,PASS,int64,
row count,training/JPMorgan_Chase/edge_list.csv.gz,PASS,126423,
duplicate rows,training/JPMorgan_Chase/edge_list.csv.gz,PASS,0,
missing values by column,training/JPMorgan_Chase/edge_list.csv.gz::txn_id,PASS,0,
missing values by column,training/JPMorgan_Chase/edge_list.csv.gz::src_node,PASS,0,
missing values by column,training/JPMorgan_Chase/edge_list.csv.gz::dst_node,PASS,0,
missing values by column,training/JPMorgan_Chase/edge_list.csv.gz::timestamp,PASS,0,
missing values by column,training/JPMorgan_Chase/edge_list.csv.gz::amount,PASS,0,
missing values by column,training/JPMorgan_Chase/edge_list.csv.gz::currency,PASS,0,
missing values by column,training/JPMorgan_Chase/edge_list.csv.gz::Amount_Received,PASS,0,
missing values by column,training/JPMorgan_Chase/edge_list.csv.gz::Receiving_Currency,PASS,0,
missing values by column,training/JPMorgan_Chase/edge_list.csv.gz::payment_format,PASS,0,
missing values by column,training/JPMorgan_Chase/edge_list.csv.gz::transaction_type_model_safe,PASS,0,
column dtype,training/JPMorgan_Chase/edge_list.csv.gz::txn_id,PASS,int64,
column dtype,training/JPMorgan_Chase/edge_list.csv.gz::src_node,PASS,int64,
column dtype,training/JPMorgan_Chase/edge_list.csv.gz::dst_node,PASS,int64,
column dtype,training/JPMorgan_Chase/edge_list.csv.gz::timestamp,PASS,str,
column dtype,training/JPMorgan_Chase/edge_list.csv.gz::amount,PASS,float64,
column dtype,training/JPMorgan_Chase/edge_list.csv.gz::currency,PASS,str,
column dtype,training/JPMorgan_Chase/edge_list.csv.gz::Amount_Received,PASS,float64,
column dtype,training/JPMorgan_Chase/edge_list.csv.gz::Receiving_Currency,PASS,str,
column dtype,training/JPMorgan_Chase/edge_list.csv.gz::payment_format,PASS,str,
column dtype,training/JPMorgan_Chase/edge_list.csv.gz::transaction_type_model_safe,PASS,str,
row count,training/JPMorgan_Chase/node_map.csv.gz,PASS,24906,
duplicate rows,training/JPMorgan_Chase/node_map.csv.gz,PASS,0,
missing values by column,training/JPMorgan_Chase/node_map.csv.gz::account_id,PASS,0,
missing values by column,training/JPMorgan_Chase/node_map.csv.gz::node_id,PASS,0,
column dtype,training/JPMorgan_Chase/node_map.csv.gz::account_id,PASS,int64,
column dtype,training/JPMorgan_Chase/node_map.csv.gz::node_id,PASS,int64,
row count,training/JPMorgan_Chase/node_features.csv.gz,PASS,24906,
duplicate rows,training/JPMorgan_Chase/node_features.csv.gz,PASS,0,
missing values by column,training/JPMorgan_Chase/node_features.csv.gz::node_id,PASS,0,
missing values by column,training/JPMorgan_Chase/node_features.csv.gz::Account_Country,PASS,0,
missing values by column,training/JPMorgan_Chase/node_features.csv.gz::Account_Currency,PASS,0,
missing values by column,training/JPMorgan_Chase/node_features.csv.gz::Entity_Type,PASS,0,
missing values by column,training/JPMorgan_Chase/node_features.csv.gz::Does_Account_Have_Debit_Card,PASS,0,
missing values by column,training/JPMorgan_Chase/node_features.csv.gz::DebitCard_Index_in_EntityCards,PASS,0,
missing values by column,training/JPMorgan_Chase/node_features.csv.gz::MCC,PASS,0,
missing values by column,training/JPMorgan_Chase/node_features.csv.gz::Account_Type,PASS,0,
missing values by column,training/JPMorgan_Chase/node_features.csv.gz::Max_Overdraft,PASS,0,
missing values by column,training/JPMorgan_Chase/node_features.csv.gz::account_kind,PASS,0,
missing values by column,training/JPMorgan_Chase/node_features.csv.gz::hist_sent_count,PASS,0,
missing values by column,training/JPMorgan_Chase/node_features.csv.gz::hist_sent_amount_sum,PASS,0,
missing values by column,training/JPMorgan_Chase/node_features.csv.gz::hist_recv_count,PASS,0,
missing values by column,training/JPMorgan_Chase/node_features.csv.gz::hist_recv_amount_sum,PASS,0,
missing values by column,training/JPMorgan_Chase/node_features.csv.gz::hist_out_degree,PASS,0,
missing values by column,training/JPMorgan_Chase/node_features.csv.gz::hist_in_degree,PASS,0,
column dtype,training/JPMorgan_Chase/node_features.csv.gz::node_id,PASS,int64,
column dtype,training/JPMorgan_Chase/node_features.csv.gz::Account_Country,PASS,str,
column dtype,training/JPMorgan_Chase/node_features.csv.gz::Account_Currency,PASS,str,
column dtype,training/JPMorgan_Chase/node_features.csv.gz::Entity_Type,PASS,str,
column dtype,training/JPMorgan_Chase/node_features.csv.gz::Does_Account_Have_Debit_Card,PASS,float64,
column dtype,training/JPMorgan_Chase/node_features.csv.gz::DebitCard_Index_in_EntityCards,PASS,float64,
column dtype,training/JPMorgan_Chase/node_features.csv.gz::MCC,PASS,float64,
column dtype,training/JPMorgan_Chase/node_features.csv.gz::Account_Type,PASS,str,
column dtype,training/JPMorgan_Chase/node_features.csv.gz::Max_Overdraft,PASS,float64,
column dtype,training/JPMorgan_Chase/node_features.csv.gz::account_kind,PASS,str,
column dtype,training/JPMorgan_Chase/node_features.csv.gz::hist_sent_count,PASS,int64,
column dtype,training/JPMorgan_Chase/node_features.csv.gz::hist_sent_amount_sum,PASS,int64,
column dtype,training/JPMorgan_Chase/node_features.csv.gz::hist_recv_count,PASS,int64,
column dtype,training/JPMorgan_Chase/node_features.csv.gz::hist_recv_amount_sum,PASS,int64,
column dtype,training/JPMorgan_Chase/node_features.csv.gz::hist_out_degree,PASS,int64,
column dtype,training/JPMorgan_Chase/node_features.csv.gz::hist_in_degree,PASS,int64,
duplicate txn_id values,training/JPMorgan_Chase/transactions.csv.gz,PASS,0,
duplicate txn_id values,training/JPMorgan_Chase/ground_truth.csv.gz,PASS,0,
invalid or unparseable timestamps,training/JPMorgan_Chase/ground_truth.csv.gz,PASS,0,
timestamps outside expected period,training/JPMorgan_Chase/ground_truth.csv.gz,PASS,0,
zero amounts,training/JPMorgan_Chase/transactions.csv.gz,PASS,0,
negative amounts,training/JPMorgan_Chase/transactions.csv.gz,PASS,0,
extreme amount max,training/JPMorgan_Chase/transactions.csv.gz,PASS,10540063.19,
invalid labels,training/JPMorgan_Chase/ground_truth.csv.gz,PASS,0,
class imbalance,training/JPMorgan_Chase/ground_truth.csv.gz,WARNING,"{""0"": 126358, ""1"": 65}",fraud_rate=0.000514
unique source accounts,training/JPMorgan_Chase/transactions.csv.gz,PASS,8366,
unique destination accounts,training/JPMorgan_Chase/transactions.csv.gz,PASS,17895,
unknown account references,training/JPMorgan_Chase,PASS,0,
invalid bank values,training/JPMorgan_Chase/transactions.csv.gz,PASS,1,
inconsistent currencies,training/JPMorgan_Chase/transactions.csv.gz,WARNING,"ARS,CAD,CHF,DOP,EUR,GBP,JPY,KRW,NZD,USD,VND",
constant columns,training/JPMorgan_Chase/transactions.csv.gz::src_bank_id,WARNING,1,
constant columns,training/JPMorgan_Chase/transactions.csv.gz::Overdraft_Okay,WARNING,1,
constant columns,training/JPMorgan_Chase/transactions.csv.gz::Is_All_Cash,WARNING,1,
graph nodes missing from node maps,training/JPMorgan_Chase/edge_list.csv.gz,PASS,0,
duplicate graph edges,training/JPMorgan_Chase/edge_list.csv.gz,PASS,0,
disconnected or isolated nodes,training/JPMorgan_Chase,PASS,0,
graph endpoint node features,training/JPMorgan_Chase,PASS,24906,
transactions match labels,training/JPMorgan_Chase,PASS,0,
core file exists,training/Wells_Fargo/transactions.csv.gz,PASS,True,
core file exists,training/Wells_Fargo/ground_truth.csv.gz,PASS,True,
core file exists,training/Wells_Fargo/edge_list.csv.gz,PASS,True,
core file exists,training/Wells_Fargo/node_map.csv.gz,PASS,True,
core file exists,training/Wells_Fargo/node_features.csv.gz,PASS,True,
row count,training/Wells_Fargo/transactions.csv.gz,PASS,50346,
duplicate rows,training/Wells_Fargo/transactions.csv.gz,PASS,0,
missing values by column,training/Wells_Fargo/transactions.csv.gz::txn_id,PASS,0,
missing values by column,training/Wells_Fargo/transactions.csv.gz::timestamp,PASS,0,
missing values by column,training/Wells_Fargo/transactions.csv.gz::Transaction_Date,PASS,0,
missing values by column,training/Wells_Fargo/transactions.csv.gz::Transaction_Time,PASS,0,
missing values by column,training/Wells_Fargo/transactions.csv.gz::src_id,PASS,0,
missing values by column,training/Wells_Fargo/transactions.csv.gz::dst_id,PASS,0,
missing values by column,training/Wells_Fargo/transactions.csv.gz::src_bank_id,PASS,0,
missing values by column,training/Wells_Fargo/transactions.csv.gz::dst_bank_id,PASS,0,
missing values by column,training/Wells_Fargo/transactions.csv.gz::Transaction_Day_of_Week,PASS,0,
missing values by column,training/Wells_Fargo/transactions.csv.gz::amount,PASS,0,
missing values by column,training/Wells_Fargo/transactions.csv.gz::currency,PASS,0,
missing values by column,training/Wells_Fargo/transactions.csv.gz::Amount_Received,PASS,0,
missing values by column,training/Wells_Fargo/transactions.csv.gz::Receiving_Currency,PASS,0,
missing values by column,training/Wells_Fargo/transactions.csv.gz::payment_format,PASS,0,
missing values by column,training/Wells_Fargo/transactions.csv.gz::From_Initial_Balance,PASS,0,
missing values by column,training/Wells_Fargo/transactions.csv.gz::To_Initial_Balance,PASS,0,
missing values by column,training/Wells_Fargo/transactions.csv.gz::Sufficient_Funds,PASS,0,
missing values by column,training/Wells_Fargo/transactions.csv.gz::Overdraft_Okay,PASS,0,
missing values by column,training/Wells_Fargo/transactions.csv.gz::Is_All_Cash,PASS,0,
missing values by column,training/Wells_Fargo/transactions.csv.gz::Is_Hold,PASS,0,
missing values by column,training/Wells_Fargo/transactions.csv.gz::transaction_type_model_safe,PASS,0,
missing values by column,training/Wells_Fargo/transactions.csv.gz::src_prev_txn_count,PASS,0,
missing values by column,training/Wells_Fargo/transactions.csv.gz::src_prev_amount_sum,PASS,0,
missing values by column,training/Wells_Fargo/transactions.csv.gz::src_prev_amount_mean,PASS,0,
missing values by column,training/Wells_Fargo/transactions.csv.gz::dst_prev_txn_count,PASS,0,
missing values by column,training/Wells_Fargo/transactions.csv.gz::dst_prev_amount_sum,PASS,0,
missing values by column,training/Wells_Fargo/transactions.csv.gz::dst_prev_amount_mean,PASS,0,
column dtype,training/Wells_Fargo/transactions.csv.gz::txn_id,PASS,int64,
column dtype,training/Wells_Fargo/transactions.csv.gz::timestamp,PASS,str,
column dtype,training/Wells_Fargo/transactions.csv.gz::Transaction_Date,PASS,str,
column dtype,training/Wells_Fargo/transactions.csv.gz::Transaction_Time,PASS,str,
column dtype,training/Wells_Fargo/transactions.csv.gz::src_id,PASS,int64,
column dtype,training/Wells_Fargo/transactions.csv.gz::dst_id,PASS,int64,
column dtype,training/Wells_Fargo/transactions.csv.gz::src_bank_id,PASS,str,
column dtype,training/Wells_Fargo/transactions.csv.gz::dst_bank_id,PASS,str,
column dtype,training/Wells_Fargo/transactions.csv.gz::Transaction_Day_of_Week,PASS,str,
column dtype,training/Wells_Fargo/transactions.csv.gz::amount,PASS,float64,
column dtype,training/Wells_Fargo/transactions.csv.gz::currency,PASS,str,
column dtype,training/Wells_Fargo/transactions.csv.gz::Amount_Received,PASS,float64,
column dtype,training/Wells_Fargo/transactions.csv.gz::Receiving_Currency,PASS,str,
column dtype,training/Wells_Fargo/transactions.csv.gz::payment_format,PASS,str,
column dtype,training/Wells_Fargo/transactions.csv.gz::From_Initial_Balance,PASS,float64,
column dtype,training/Wells_Fargo/transactions.csv.gz::To_Initial_Balance,PASS,float64,
column dtype,training/Wells_Fargo/transactions.csv.gz::Sufficient_Funds,PASS,int64,
column dtype,training/Wells_Fargo/transactions.csv.gz::Overdraft_Okay,PASS,int64,
column dtype,training/Wells_Fargo/transactions.csv.gz::Is_All_Cash,PASS,int64,
column dtype,training/Wells_Fargo/transactions.csv.gz::Is_Hold,PASS,int64,
column dtype,training/Wells_Fargo/transactions.csv.gz::transaction_type_model_safe,PASS,str,
column dtype,training/Wells_Fargo/transactions.csv.gz::src_prev_txn_count,PASS,int64,
column dtype,training/Wells_Fargo/transactions.csv.gz::src_prev_amount_sum,PASS,float64,
column dtype,training/Wells_Fargo/transactions.csv.gz::src_prev_amount_mean,PASS,float64,
column dtype,training/Wells_Fargo/transactions.csv.gz::dst_prev_txn_count,PASS,int64,
column dtype,training/Wells_Fargo/transactions.csv.gz::dst_prev_amount_sum,PASS,float64,
column dtype,training/Wells_Fargo/transactions.csv.gz::dst_prev_amount_mean,PASS,float64,
row count,training/Wells_Fargo/ground_truth.csv.gz,PASS,50346,
duplicate rows,training/Wells_Fargo/ground_truth.csv.gz,PASS,0,
missing values by column,training/Wells_Fargo/ground_truth.csv.gz::txn_id,PASS,0,
missing values by column,training/Wells_Fargo/ground_truth.csv.gz::timestamp,PASS,0,
missing values by column,training/Wells_Fargo/ground_truth.csv.gz::split,PASS,0,
missing values by column,training/Wells_Fargo/ground_truth.csv.gz::y,PASS,0,
column dtype,training/Wells_Fargo/ground_truth.csv.gz::txn_id,PASS,int64,
column dtype,training/Wells_Fargo/ground_truth.csv.gz::timestamp,PASS,str,
column dtype,training/Wells_Fargo/ground_truth.csv.gz::split,PASS,str,
column dtype,training/Wells_Fargo/ground_truth.csv.gz::y,PASS,int64,
row count,training/Wells_Fargo/edge_list.csv.gz,PASS,50346,
duplicate rows,training/Wells_Fargo/edge_list.csv.gz,PASS,0,
missing values by column,training/Wells_Fargo/edge_list.csv.gz::txn_id,PASS,0,
missing values by column,training/Wells_Fargo/edge_list.csv.gz::src_node,PASS,0,
missing values by column,training/Wells_Fargo/edge_list.csv.gz::dst_node,PASS,0,
missing values by column,training/Wells_Fargo/edge_list.csv.gz::timestamp,PASS,0,
missing values by column,training/Wells_Fargo/edge_list.csv.gz::amount,PASS,0,
missing values by column,training/Wells_Fargo/edge_list.csv.gz::currency,PASS,0,
missing values by column,training/Wells_Fargo/edge_list.csv.gz::Amount_Received,PASS,0,
missing values by column,training/Wells_Fargo/edge_list.csv.gz::Receiving_Currency,PASS,0,
missing values by column,training/Wells_Fargo/edge_list.csv.gz::payment_format,PASS,0,
missing values by column,training/Wells_Fargo/edge_list.csv.gz::transaction_type_model_safe,PASS,0,
column dtype,training/Wells_Fargo/edge_list.csv.gz::txn_id,PASS,int64,
column dtype,training/Wells_Fargo/edge_list.csv.gz::src_node,PASS,int64,
column dtype,training/Wells_Fargo/edge_list.csv.gz::dst_node,PASS,int64,
column dtype,training/Wells_Fargo/edge_list.csv.gz::timestamp,PASS,str,
column dtype,training/Wells_Fargo/edge_list.csv.gz::amount,PASS,float64,
column dtype,training/Wells_Fargo/edge_list.csv.gz::currency,PASS,str,
column dtype,training/Wells_Fargo/edge_list.csv.gz::Amount_Received,PASS,float64,
column dtype,training/Wells_Fargo/edge_list.csv.gz::Receiving_Currency,PASS,str,
column dtype,training/Wells_Fargo/edge_list.csv.gz::payment_format,PASS,str,
column dtype,training/Wells_Fargo/edge_list.csv.gz::transaction_type_model_safe,PASS,str,
row count,training/Wells_Fargo/node_map.csv.gz,PASS,11292,
duplicate rows,training/Wells_Fargo/node_map.csv.gz,PASS,0,
missing values by column,training/Wells_Fargo/node_map.csv.gz::account_id,PASS,0,
missing values by column,training/Wells_Fargo/node_map.csv.gz::node_id,PASS,0,
column dtype,training/Wells_Fargo/node_map.csv.gz::account_id,PASS,int64,
column dtype,training/Wells_Fargo/node_map.csv.gz::node_id,PASS,int64,
row count,training/Wells_Fargo/node_features.csv.gz,PASS,11292,
duplicate rows,training/Wells_Fargo/node_features.csv.gz,PASS,0,
missing values by column,training/Wells_Fargo/node_features.csv.gz::node_id,PASS,0,
missing values by column,training/Wells_Fargo/node_features.csv.gz::Account_Country,PASS,0,
missing values by column,training/Wells_Fargo/node_features.csv.gz::Account_Currency,PASS,0,
missing values by column,training/Wells_Fargo/node_features.csv.gz::Entity_Type,PASS,0,
missing values by column,training/Wells_Fargo/node_features.csv.gz::Does_Account_Have_Debit_Card,PASS,0,
missing values by column,training/Wells_Fargo/node_features.csv.gz::DebitCard_Index_in_EntityCards,PASS,0,
missing values by column,training/Wells_Fargo/node_features.csv.gz::MCC,PASS,0,
missing values by column,training/Wells_Fargo/node_features.csv.gz::Account_Type,PASS,0,
missing values by column,training/Wells_Fargo/node_features.csv.gz::Max_Overdraft,PASS,0,
missing values by column,training/Wells_Fargo/node_features.csv.gz::account_kind,PASS,0,
missing values by column,training/Wells_Fargo/node_features.csv.gz::hist_sent_count,PASS,0,
missing values by column,training/Wells_Fargo/node_features.csv.gz::hist_sent_amount_sum,PASS,0,
missing values by column,training/Wells_Fargo/node_features.csv.gz::hist_recv_count,PASS,0,
missing values by column,training/Wells_Fargo/node_features.csv.gz::hist_recv_amount_sum,PASS,0,
missing values by column,training/Wells_Fargo/node_features.csv.gz::hist_out_degree,PASS,0,
missing values by column,training/Wells_Fargo/node_features.csv.gz::hist_in_degree,PASS,0,
column dtype,training/Wells_Fargo/node_features.csv.gz::node_id,PASS,int64,
column dtype,training/Wells_Fargo/node_features.csv.gz::Account_Country,PASS,str,
column dtype,training/Wells_Fargo/node_features.csv.gz::Account_Currency,PASS,str,
column dtype,training/Wells_Fargo/node_features.csv.gz::Entity_Type,PASS,str,
column dtype,training/Wells_Fargo/node_features.csv.gz::Does_Account_Have_Debit_Card,PASS,float64,
column dtype,training/Wells_Fargo/node_features.csv.gz::DebitCard_Index_in_EntityCards,PASS,float64,
column dtype,training/Wells_Fargo/node_features.csv.gz::MCC,PASS,float64,
column dtype,training/Wells_Fargo/node_features.csv.gz::Account_Type,PASS,str,
column dtype,training/Wells_Fargo/node_features.csv.gz::Max_Overdraft,PASS,float64,
column dtype,training/Wells_Fargo/node_features.csv.gz::account_kind,PASS,str,
column dtype,training/Wells_Fargo/node_features.csv.gz::hist_sent_count,PASS,int64,
column dtype,training/Wells_Fargo/node_features.csv.gz::hist_sent_amount_sum,PASS,int64,
column dtype,training/Wells_Fargo/node_features.csv.gz::hist_recv_count,PASS,int64,
column dtype,training/Wells_Fargo/node_features.csv.gz::hist_recv_amount_sum,PASS,int64,
column dtype,training/Wells_Fargo/node_features.csv.gz::hist_out_degree,PASS,int64,
column dtype,training/Wells_Fargo/node_features.csv.gz::hist_in_degree,PASS,int64,
duplicate txn_id values,training/Wells_Fargo/transactions.csv.gz,PASS,0,
duplicate txn_id values,training/Wells_Fargo/ground_truth.csv.gz,PASS,0,
invalid or unparseable timestamps,training/Wells_Fargo/ground_truth.csv.gz,PASS,0,
timestamps outside expected period,training/Wells_Fargo/ground_truth.csv.gz,PASS,0,
zero amounts,training/Wells_Fargo/transactions.csv.gz,PASS,0,
negative amounts,training/Wells_Fargo/transactions.csv.gz,PASS,0,
extreme amount max,training/Wells_Fargo/transactions.csv.gz,PASS,3134976.03,
invalid labels,training/Wells_Fargo/ground_truth.csv.gz,PASS,0,
class imbalance,training/Wells_Fargo/ground_truth.csv.gz,WARNING,"{""0"": 50266, ""1"": 80}",fraud_rate=0.001589
unique source accounts,training/Wells_Fargo/transactions.csv.gz,PASS,4184,
unique destination accounts,training/Wells_Fargo/transactions.csv.gz,PASS,7447,
unknown account references,training/Wells_Fargo,PASS,0,
invalid bank values,training/Wells_Fargo/transactions.csv.gz,PASS,1,
inconsistent currencies,training/Wells_Fargo/transactions.csv.gz,WARNING,"CNY,USD",
constant columns,training/Wells_Fargo/transactions.csv.gz::src_bank_id,WARNING,1,
constant columns,training/Wells_Fargo/transactions.csv.gz::currency,WARNING,1,
constant columns,training/Wells_Fargo/transactions.csv.gz::Sufficient_Funds,WARNING,1,
constant columns,training/Wells_Fargo/transactions.csv.gz::Overdraft_Okay,WARNING,1,
constant columns,training/Wells_Fargo/transactions.csv.gz::Is_All_Cash,WARNING,1,
graph nodes missing from node maps,training/Wells_Fargo/edge_list.csv.gz,PASS,0,
duplicate graph edges,training/Wells_Fargo/edge_list.csv.gz,PASS,0,
disconnected or isolated nodes,training/Wells_Fargo,PASS,0,
graph endpoint node features,training/Wells_Fargo,PASS,11292,
transactions match labels,training/Wells_Fargo,PASS,0,
core file exists,training/Citi/transactions.csv.gz,PASS,True,
core file exists,training/Citi/ground_truth.csv.gz,PASS,True,
core file exists,training/Citi/edge_list.csv.gz,PASS,True,
core file exists,training/Citi/node_map.csv.gz,PASS,True,
core file exists,training/Citi/node_features.csv.gz,PASS,True,
row count,training/Citi/transactions.csv.gz,PASS,37316,
duplicate rows,training/Citi/transactions.csv.gz,PASS,0,
missing values by column,training/Citi/transactions.csv.gz::txn_id,PASS,0,
missing values by column,training/Citi/transactions.csv.gz::timestamp,PASS,0,
missing values by column,training/Citi/transactions.csv.gz::Transaction_Date,PASS,0,
missing values by column,training/Citi/transactions.csv.gz::Transaction_Time,PASS,0,
missing values by column,training/Citi/transactions.csv.gz::src_id,PASS,0,
missing values by column,training/Citi/transactions.csv.gz::dst_id,PASS,0,
missing values by column,training/Citi/transactions.csv.gz::src_bank_id,PASS,0,
missing values by column,training/Citi/transactions.csv.gz::dst_bank_id,PASS,0,
missing values by column,training/Citi/transactions.csv.gz::Transaction_Day_of_Week,PASS,0,
missing values by column,training/Citi/transactions.csv.gz::amount,PASS,0,
missing values by column,training/Citi/transactions.csv.gz::currency,PASS,0,
missing values by column,training/Citi/transactions.csv.gz::Amount_Received,PASS,0,
missing values by column,training/Citi/transactions.csv.gz::Receiving_Currency,PASS,0,
missing values by column,training/Citi/transactions.csv.gz::payment_format,PASS,0,
missing values by column,training/Citi/transactions.csv.gz::From_Initial_Balance,PASS,0,
missing values by column,training/Citi/transactions.csv.gz::To_Initial_Balance,PASS,0,
missing values by column,training/Citi/transactions.csv.gz::Sufficient_Funds,PASS,0,
missing values by column,training/Citi/transactions.csv.gz::Overdraft_Okay,PASS,0,
missing values by column,training/Citi/transactions.csv.gz::Is_All_Cash,PASS,0,
missing values by column,training/Citi/transactions.csv.gz::Is_Hold,PASS,0,
missing values by column,training/Citi/transactions.csv.gz::transaction_type_model_safe,PASS,0,
missing values by column,training/Citi/transactions.csv.gz::src_prev_txn_count,PASS,0,
missing values by column,training/Citi/transactions.csv.gz::src_prev_amount_sum,PASS,0,
missing values by column,training/Citi/transactions.csv.gz::src_prev_amount_mean,PASS,0,
missing values by column,training/Citi/transactions.csv.gz::dst_prev_txn_count,PASS,0,
missing values by column,training/Citi/transactions.csv.gz::dst_prev_amount_sum,PASS,0,
missing values by column,training/Citi/transactions.csv.gz::dst_prev_amount_mean,PASS,0,
column dtype,training/Citi/transactions.csv.gz::txn_id,PASS,int64,
column dtype,training/Citi/transactions.csv.gz::timestamp,PASS,str,
column dtype,training/Citi/transactions.csv.gz::Transaction_Date,PASS,str,
column dtype,training/Citi/transactions.csv.gz::Transaction_Time,PASS,str,
column dtype,training/Citi/transactions.csv.gz::src_id,PASS,int64,
column dtype,training/Citi/transactions.csv.gz::dst_id,PASS,int64,
column dtype,training/Citi/transactions.csv.gz::src_bank_id,PASS,str,
column dtype,training/Citi/transactions.csv.gz::dst_bank_id,PASS,str,
column dtype,training/Citi/transactions.csv.gz::Transaction_Day_of_Week,PASS,str,
column dtype,training/Citi/transactions.csv.gz::amount,PASS,float64,
column dtype,training/Citi/transactions.csv.gz::currency,PASS,str,
column dtype,training/Citi/transactions.csv.gz::Amount_Received,PASS,float64,
column dtype,training/Citi/transactions.csv.gz::Receiving_Currency,PASS,str,
column dtype,training/Citi/transactions.csv.gz::payment_format,PASS,str,
column dtype,training/Citi/transactions.csv.gz::From_Initial_Balance,PASS,float64,
column dtype,training/Citi/transactions.csv.gz::To_Initial_Balance,PASS,float64,
column dtype,training/Citi/transactions.csv.gz::Sufficient_Funds,PASS,int64,
column dtype,training/Citi/transactions.csv.gz::Overdraft_Okay,PASS,int64,
column dtype,training/Citi/transactions.csv.gz::Is_All_Cash,PASS,int64,
column dtype,training/Citi/transactions.csv.gz::Is_Hold,PASS,int64,
column dtype,training/Citi/transactions.csv.gz::transaction_type_model_safe,PASS,str,
column dtype,training/Citi/transactions.csv.gz::src_prev_txn_count,PASS,int64,
column dtype,training/Citi/transactions.csv.gz::src_prev_amount_sum,PASS,float64,
column dtype,training/Citi/transactions.csv.gz::src_prev_amount_mean,PASS,float64,
column dtype,training/Citi/transactions.csv.gz::dst_prev_txn_count,PASS,int64,
column dtype,training/Citi/transactions.csv.gz::dst_prev_amount_sum,PASS,float64,
column dtype,training/Citi/transactions.csv.gz::dst_prev_amount_mean,PASS,float64,
row count,training/Citi/ground_truth.csv.gz,PASS,37316,
duplicate rows,training/Citi/ground_truth.csv.gz,PASS,0,
missing values by column,training/Citi/ground_truth.csv.gz::txn_id,PASS,0,
missing values by column,training/Citi/ground_truth.csv.gz::timestamp,PASS,0,
missing values by column,training/Citi/ground_truth.csv.gz::split,PASS,0,
missing values by column,training/Citi/ground_truth.csv.gz::y,PASS,0,
column dtype,training/Citi/ground_truth.csv.gz::txn_id,PASS,int64,
column dtype,training/Citi/ground_truth.csv.gz::timestamp,PASS,str,
column dtype,training/Citi/ground_truth.csv.gz::split,PASS,str,
column dtype,training/Citi/ground_truth.csv.gz::y,PASS,int64,
row count,training/Citi/edge_list.csv.gz,PASS,37316,
duplicate rows,training/Citi/edge_list.csv.gz,PASS,0,
missing values by column,training/Citi/edge_list.csv.gz::txn_id,PASS,0,
missing values by column,training/Citi/edge_list.csv.gz::src_node,PASS,0,
missing values by column,training/Citi/edge_list.csv.gz::dst_node,PASS,0,
missing values by column,training/Citi/edge_list.csv.gz::timestamp,PASS,0,
missing values by column,training/Citi/edge_list.csv.gz::amount,PASS,0,
missing values by column,training/Citi/edge_list.csv.gz::currency,PASS,0,
missing values by column,training/Citi/edge_list.csv.gz::Amount_Received,PASS,0,
missing values by column,training/Citi/edge_list.csv.gz::Receiving_Currency,PASS,0,
missing values by column,training/Citi/edge_list.csv.gz::payment_format,PASS,0,
missing values by column,training/Citi/edge_list.csv.gz::transaction_type_model_safe,PASS,0,
column dtype,training/Citi/edge_list.csv.gz::txn_id,PASS,int64,
column dtype,training/Citi/edge_list.csv.gz::src_node,PASS,int64,
column dtype,training/Citi/edge_list.csv.gz::dst_node,PASS,int64,
column dtype,training/Citi/edge_list.csv.gz::timestamp,PASS,str,
column dtype,training/Citi/edge_list.csv.gz::amount,PASS,float64,
column dtype,training/Citi/edge_list.csv.gz::currency,PASS,str,
column dtype,training/Citi/edge_list.csv.gz::Amount_Received,PASS,float64,
column dtype,training/Citi/edge_list.csv.gz::Receiving_Currency,PASS,str,
column dtype,training/Citi/edge_list.csv.gz::payment_format,PASS,str,
column dtype,training/Citi/edge_list.csv.gz::transaction_type_model_safe,PASS,str,
row count,training/Citi/node_map.csv.gz,PASS,8742,
duplicate rows,training/Citi/node_map.csv.gz,PASS,0,
missing values by column,training/Citi/node_map.csv.gz::account_id,PASS,0,
missing values by column,training/Citi/node_map.csv.gz::node_id,PASS,0,
column dtype,training/Citi/node_map.csv.gz::account_id,PASS,int64,
column dtype,training/Citi/node_map.csv.gz::node_id,PASS,int64,
row count,training/Citi/node_features.csv.gz,PASS,8742,
duplicate rows,training/Citi/node_features.csv.gz,PASS,0,
missing values by column,training/Citi/node_features.csv.gz::node_id,PASS,0,
missing values by column,training/Citi/node_features.csv.gz::Account_Country,PASS,0,
missing values by column,training/Citi/node_features.csv.gz::Account_Currency,PASS,0,
missing values by column,training/Citi/node_features.csv.gz::Entity_Type,PASS,0,
missing values by column,training/Citi/node_features.csv.gz::Does_Account_Have_Debit_Card,PASS,0,
missing values by column,training/Citi/node_features.csv.gz::DebitCard_Index_in_EntityCards,PASS,0,
missing values by column,training/Citi/node_features.csv.gz::MCC,PASS,0,
missing values by column,training/Citi/node_features.csv.gz::Account_Type,PASS,0,
missing values by column,training/Citi/node_features.csv.gz::Max_Overdraft,PASS,0,
missing values by column,training/Citi/node_features.csv.gz::account_kind,PASS,0,
missing values by column,training/Citi/node_features.csv.gz::hist_sent_count,PASS,0,
missing values by column,training/Citi/node_features.csv.gz::hist_sent_amount_sum,PASS,0,
missing values by column,training/Citi/node_features.csv.gz::hist_recv_count,PASS,0,
missing values by column,training/Citi/node_features.csv.gz::hist_recv_amount_sum,PASS,0,
missing values by column,training/Citi/node_features.csv.gz::hist_out_degree,PASS,0,
missing values by column,training/Citi/node_features.csv.gz::hist_in_degree,PASS,0,
column dtype,training/Citi/node_features.csv.gz::node_id,PASS,int64,
column dtype,training/Citi/node_features.csv.gz::Account_Country,PASS,str,
column dtype,training/Citi/node_features.csv.gz::Account_Currency,PASS,str,
column dtype,training/Citi/node_features.csv.gz::Entity_Type,PASS,str,
column dtype,training/Citi/node_features.csv.gz::Does_Account_Have_Debit_Card,PASS,float64,
column dtype,training/Citi/node_features.csv.gz::DebitCard_Index_in_EntityCards,PASS,float64,
column dtype,training/Citi/node_features.csv.gz::MCC,PASS,float64,
column dtype,training/Citi/node_features.csv.gz::Account_Type,PASS,str,
column dtype,training/Citi/node_features.csv.gz::Max_Overdraft,PASS,float64,
column dtype,training/Citi/node_features.csv.gz::account_kind,PASS,str,
column dtype,training/Citi/node_features.csv.gz::hist_sent_count,PASS,int64,
column dtype,training/Citi/node_features.csv.gz::hist_sent_amount_sum,PASS,int64,
column dtype,training/Citi/node_features.csv.gz::hist_recv_count,PASS,int64,
column dtype,training/Citi/node_features.csv.gz::hist_recv_amount_sum,PASS,int64,
column dtype,training/Citi/node_features.csv.gz::hist_out_degree,PASS,int64,
column dtype,training/Citi/node_features.csv.gz::hist_in_degree,PASS,int64,
duplicate txn_id values,training/Citi/transactions.csv.gz,PASS,0,
duplicate txn_id values,training/Citi/ground_truth.csv.gz,PASS,0,
invalid or unparseable timestamps,training/Citi/ground_truth.csv.gz,PASS,0,
timestamps outside expected period,training/Citi/ground_truth.csv.gz,PASS,0,
zero amounts,training/Citi/transactions.csv.gz,PASS,0,
negative amounts,training/Citi/transactions.csv.gz,PASS,0,
extreme amount max,training/Citi/transactions.csv.gz,PASS,8583809.48,
invalid labels,training/Citi/ground_truth.csv.gz,PASS,0,
class imbalance,training/Citi/ground_truth.csv.gz,WARNING,"{""0"": 37235, ""1"": 81}",fraud_rate=0.002171
unique source accounts,training/Citi/transactions.csv.gz,PASS,3703,
unique destination accounts,training/Citi/transactions.csv.gz,PASS,5290,
unknown account references,training/Citi,PASS,0,
invalid bank values,training/Citi/transactions.csv.gz,PASS,1,
inconsistent currencies,training/Citi/transactions.csv.gz,WARNING,"CNY,EUR,USD",
constant columns,training/Citi/transactions.csv.gz::src_bank_id,WARNING,1,
constant columns,training/Citi/transactions.csv.gz::Sufficient_Funds,WARNING,1,
constant columns,training/Citi/transactions.csv.gz::Overdraft_Okay,WARNING,1,
constant columns,training/Citi/transactions.csv.gz::Is_All_Cash,WARNING,1,
graph nodes missing from node maps,training/Citi/edge_list.csv.gz,PASS,0,
duplicate graph edges,training/Citi/edge_list.csv.gz,PASS,0,
disconnected or isolated nodes,training/Citi,PASS,0,
graph endpoint node features,training/Citi,PASS,8742,
transactions match labels,training/Citi,PASS,0,
core file exists,training/Fifth_Third_Bancorp/transactions.csv.gz,PASS,True,
core file exists,training/Fifth_Third_Bancorp/ground_truth.csv.gz,PASS,True,
core file exists,training/Fifth_Third_Bancorp/edge_list.csv.gz,PASS,True,
core file exists,training/Fifth_Third_Bancorp/node_map.csv.gz,PASS,True,
core file exists,training/Fifth_Third_Bancorp/node_features.csv.gz,PASS,True,
row count,training/Fifth_Third_Bancorp/transactions.csv.gz,PASS,34765,
duplicate rows,training/Fifth_Third_Bancorp/transactions.csv.gz,PASS,0,
missing values by column,training/Fifth_Third_Bancorp/transactions.csv.gz::txn_id,PASS,0,
missing values by column,training/Fifth_Third_Bancorp/transactions.csv.gz::timestamp,PASS,0,
missing values by column,training/Fifth_Third_Bancorp/transactions.csv.gz::Transaction_Date,PASS,0,
missing values by column,training/Fifth_Third_Bancorp/transactions.csv.gz::Transaction_Time,PASS,0,
missing values by column,training/Fifth_Third_Bancorp/transactions.csv.gz::src_id,PASS,0,
missing values by column,training/Fifth_Third_Bancorp/transactions.csv.gz::dst_id,PASS,0,
missing values by column,training/Fifth_Third_Bancorp/transactions.csv.gz::src_bank_id,PASS,0,
missing values by column,training/Fifth_Third_Bancorp/transactions.csv.gz::dst_bank_id,PASS,0,
missing values by column,training/Fifth_Third_Bancorp/transactions.csv.gz::Transaction_Day_of_Week,PASS,0,
missing values by column,training/Fifth_Third_Bancorp/transactions.csv.gz::amount,PASS,0,
missing values by column,training/Fifth_Third_Bancorp/transactions.csv.gz::currency,PASS,0,
missing values by column,training/Fifth_Third_Bancorp/transactions.csv.gz::Amount_Received,PASS,0,
missing values by column,training/Fifth_Third_Bancorp/transactions.csv.gz::Receiving_Currency,PASS,0,
missing values by column,training/Fifth_Third_Bancorp/transactions.csv.gz::payment_format,PASS,0,
missing values by column,training/Fifth_Third_Bancorp/transactions.csv.gz::From_Initial_Balance,PASS,0,
missing values by column,training/Fifth_Third_Bancorp/transactions.csv.gz::To_Initial_Balance,PASS,0,
missing values by column,training/Fifth_Third_Bancorp/transactions.csv.gz::Sufficient_Funds,PASS,0,
missing values by column,training/Fifth_Third_Bancorp/transactions.csv.gz::Overdraft_Okay,PASS,0,
missing values by column,training/Fifth_Third_Bancorp/transactions.csv.gz::Is_All_Cash,PASS,0,
missing values by column,training/Fifth_Third_Bancorp/transactions.csv.gz::Is_Hold,PASS,0,
missing values by column,training/Fifth_Third_Bancorp/transactions.csv.gz::transaction_type_model_safe,PASS,0,
missing values by column,training/Fifth_Third_Bancorp/transactions.csv.gz::src_prev_txn_count,PASS,0,
missing values by column,training/Fifth_Third_Bancorp/transactions.csv.gz::src_prev_amount_sum,PASS,0,
missing values by column,training/Fifth_Third_Bancorp/transactions.csv.gz::src_prev_amount_mean,PASS,0,
missing values by column,training/Fifth_Third_Bancorp/transactions.csv.gz::dst_prev_txn_count,PASS,0,
missing values by column,training/Fifth_Third_Bancorp/transactions.csv.gz::dst_prev_amount_sum,PASS,0,
missing values by column,training/Fifth_Third_Bancorp/transactions.csv.gz::dst_prev_amount_mean,PASS,0,
column dtype,training/Fifth_Third_Bancorp/transactions.csv.gz::txn_id,PASS,int64,
column dtype,training/Fifth_Third_Bancorp/transactions.csv.gz::timestamp,PASS,str,
column dtype,training/Fifth_Third_Bancorp/transactions.csv.gz::Transaction_Date,PASS,str,
column dtype,training/Fifth_Third_Bancorp/transactions.csv.gz::Transaction_Time,PASS,str,
column dtype,training/Fifth_Third_Bancorp/transactions.csv.gz::src_id,PASS,int64,
column dtype,training/Fifth_Third_Bancorp/transactions.csv.gz::dst_id,PASS,int64,
column dtype,training/Fifth_Third_Bancorp/transactions.csv.gz::src_bank_id,PASS,str,
column dtype,training/Fifth_Third_Bancorp/transactions.csv.gz::dst_bank_id,PASS,str,
column dtype,training/Fifth_Third_Bancorp/transactions.csv.gz::Transaction_Day_of_Week,PASS,str,
column dtype,training/Fifth_Third_Bancorp/transactions.csv.gz::amount,PASS,float64,
column dtype,training/Fifth_Third_Bancorp/transactions.csv.gz::currency,PASS,str,
column dtype,training/Fifth_Third_Bancorp/transactions.csv.gz::Amount_Received,PASS,float64,
column dtype,training/Fifth_Third_Bancorp/transactions.csv.gz::Receiving_Currency,PASS,str,
column dtype,training/Fifth_Third_Bancorp/transactions.csv.gz::payment_format,PASS,str,
column dtype,training/Fifth_Third_Bancorp/transactions.csv.gz::From_Initial_Balance,PASS,float64,
column dtype,training/Fifth_Third_Bancorp/transactions.csv.gz::To_Initial_Balance,PASS,float64,
column dtype,training/Fifth_Third_Bancorp/transactions.csv.gz::Sufficient_Funds,PASS,int64,
column dtype,training/Fifth_Third_Bancorp/transactions.csv.gz::Overdraft_Okay,PASS,int64,
column dtype,training/Fifth_Third_Bancorp/transactions.csv.gz::Is_All_Cash,PASS,int64,
column dtype,training/Fifth_Third_Bancorp/transactions.csv.gz::Is_Hold,PASS,int64,
column dtype,training/Fifth_Third_Bancorp/transactions.csv.gz::transaction_type_model_safe,PASS,str,
column dtype,training/Fifth_Third_Bancorp/transactions.csv.gz::src_prev_txn_count,PASS,int64,
column dtype,training/Fifth_Third_Bancorp/transactions.csv.gz::src_prev_amount_sum,PASS,float64,
column dtype,training/Fifth_Third_Bancorp/transactions.csv.gz::src_prev_amount_mean,PASS,float64,
column dtype,training/Fifth_Third_Bancorp/transactions.csv.gz::dst_prev_txn_count,PASS,int64,
column dtype,training/Fifth_Third_Bancorp/transactions.csv.gz::dst_prev_amount_sum,PASS,float64,
column dtype,training/Fifth_Third_Bancorp/transactions.csv.gz::dst_prev_amount_mean,PASS,float64,
row count,training/Fifth_Third_Bancorp/ground_truth.csv.gz,PASS,34765,
duplicate rows,training/Fifth_Third_Bancorp/ground_truth.csv.gz,PASS,0,
missing values by column,training/Fifth_Third_Bancorp/ground_truth.csv.gz::txn_id,PASS,0,
missing values by column,training/Fifth_Third_Bancorp/ground_truth.csv.gz::timestamp,PASS,0,
missing values by column,training/Fifth_Third_Bancorp/ground_truth.csv.gz::split,PASS,0,
missing values by column,training/Fifth_Third_Bancorp/ground_truth.csv.gz::y,PASS,0,
column dtype,training/Fifth_Third_Bancorp/ground_truth.csv.gz::txn_id,PASS,int64,
column dtype,training/Fifth_Third_Bancorp/ground_truth.csv.gz::timestamp,PASS,str,
column dtype,training/Fifth_Third_Bancorp/ground_truth.csv.gz::split,PASS,str,
column dtype,training/Fifth_Third_Bancorp/ground_truth.csv.gz::y,PASS,int64,
row count,training/Fifth_Third_Bancorp/edge_list.csv.gz,PASS,34765,
duplicate rows,training/Fifth_Third_Bancorp/edge_list.csv.gz,PASS,0,
missing values by column,training/Fifth_Third_Bancorp/edge_list.csv.gz::txn_id,PASS,0,
missing values by column,training/Fifth_Third_Bancorp/edge_list.csv.gz::src_node,PASS,0,
missing values by column,training/Fifth_Third_Bancorp/edge_list.csv.gz::dst_node,PASS,0,
missing values by column,training/Fifth_Third_Bancorp/edge_list.csv.gz::timestamp,PASS,0,
missing values by column,training/Fifth_Third_Bancorp/edge_list.csv.gz::amount,PASS,0,
missing values by column,training/Fifth_Third_Bancorp/edge_list.csv.gz::currency,PASS,0,
missing values by column,training/Fifth_Third_Bancorp/edge_list.csv.gz::Amount_Received,PASS,0,
missing values by column,training/Fifth_Third_Bancorp/edge_list.csv.gz::Receiving_Currency,PASS,0,
missing values by column,training/Fifth_Third_Bancorp/edge_list.csv.gz::payment_format,PASS,0,
missing values by column,training/Fifth_Third_Bancorp/edge_list.csv.gz::transaction_type_model_safe,PASS,0,
column dtype,training/Fifth_Third_Bancorp/edge_list.csv.gz::txn_id,PASS,int64,
column dtype,training/Fifth_Third_Bancorp/edge_list.csv.gz::src_node,PASS,int64,
column dtype,training/Fifth_Third_Bancorp/edge_list.csv.gz::dst_node,PASS,int64,
column dtype,training/Fifth_Third_Bancorp/edge_list.csv.gz::timestamp,PASS,str,
column dtype,training/Fifth_Third_Bancorp/edge_list.csv.gz::amount,PASS,float64,
column dtype,training/Fifth_Third_Bancorp/edge_list.csv.gz::currency,PASS,str,
column dtype,training/Fifth_Third_Bancorp/edge_list.csv.gz::Amount_Received,PASS,float64,
column dtype,training/Fifth_Third_Bancorp/edge_list.csv.gz::Receiving_Currency,PASS,str,
column dtype,training/Fifth_Third_Bancorp/edge_list.csv.gz::payment_format,PASS,str,
column dtype,training/Fifth_Third_Bancorp/edge_list.csv.gz::transaction_type_model_safe,PASS,str,
row count,training/Fifth_Third_Bancorp/node_map.csv.gz,PASS,7914,
duplicate rows,training/Fifth_Third_Bancorp/node_map.csv.gz,PASS,0,
missing values by column,training/Fifth_Third_Bancorp/node_map.csv.gz::account_id,PASS,0,
missing values by column,training/Fifth_Third_Bancorp/node_map.csv.gz::node_id,PASS,0,
column dtype,training/Fifth_Third_Bancorp/node_map.csv.gz::account_id,PASS,int64,
column dtype,training/Fifth_Third_Bancorp/node_map.csv.gz::node_id,PASS,int64,
row count,training/Fifth_Third_Bancorp/node_features.csv.gz,PASS,7914,
duplicate rows,training/Fifth_Third_Bancorp/node_features.csv.gz,PASS,0,
missing values by column,training/Fifth_Third_Bancorp/node_features.csv.gz::node_id,PASS,0,
missing values by column,training/Fifth_Third_Bancorp/node_features.csv.gz::Account_Country,PASS,0,
missing values by column,training/Fifth_Third_Bancorp/node_features.csv.gz::Account_Currency,PASS,0,
missing values by column,training/Fifth_Third_Bancorp/node_features.csv.gz::Entity_Type,PASS,0,
missing values by column,training/Fifth_Third_Bancorp/node_features.csv.gz::Does_Account_Have_Debit_Card,PASS,0,
missing values by column,training/Fifth_Third_Bancorp/node_features.csv.gz::DebitCard_Index_in_EntityCards,PASS,0,
missing values by column,training/Fifth_Third_Bancorp/node_features.csv.gz::MCC,PASS,0,
missing values by column,training/Fifth_Third_Bancorp/node_features.csv.gz::Account_Type,PASS,0,
missing values by column,training/Fifth_Third_Bancorp/node_features.csv.gz::Max_Overdraft,PASS,0,
missing values by column,training/Fifth_Third_Bancorp/node_features.csv.gz::account_kind,PASS,0,
missing values by column,training/Fifth_Third_Bancorp/node_features.csv.gz::hist_sent_count,PASS,0,
missing values by column,training/Fifth_Third_Bancorp/node_features.csv.gz::hist_sent_amount_sum,PASS,0,
missing values by column,training/Fifth_Third_Bancorp/node_features.csv.gz::hist_recv_count,PASS,0,
missing values by column,training/Fifth_Third_Bancorp/node_features.csv.gz::hist_recv_amount_sum,PASS,0,
missing values by column,training/Fifth_Third_Bancorp/node_features.csv.gz::hist_out_degree,PASS,0,
missing values by column,training/Fifth_Third_Bancorp/node_features.csv.gz::hist_in_degree,PASS,0,
column dtype,training/Fifth_Third_Bancorp/node_features.csv.gz::node_id,PASS,int64,
column dtype,training/Fifth_Third_Bancorp/node_features.csv.gz::Account_Country,PASS,str,
column dtype,training/Fifth_Third_Bancorp/node_features.csv.gz::Account_Currency,PASS,str,
column dtype,training/Fifth_Third_Bancorp/node_features.csv.gz::Entity_Type,PASS,str,
column dtype,training/Fifth_Third_Bancorp/node_features.csv.gz::Does_Account_Have_Debit_Card,PASS,float64,
column dtype,training/Fifth_Third_Bancorp/node_features.csv.gz::DebitCard_Index_in_EntityCards,PASS,float64,
column dtype,training/Fifth_Third_Bancorp/node_features.csv.gz::MCC,PASS,float64,
column dtype,training/Fifth_Third_Bancorp/node_features.csv.gz::Account_Type,PASS,str,
column dtype,training/Fifth_Third_Bancorp/node_features.csv.gz::Max_Overdraft,PASS,float64,
column dtype,training/Fifth_Third_Bancorp/node_features.csv.gz::account_kind,PASS,str,
column dtype,training/Fifth_Third_Bancorp/node_features.csv.gz::hist_sent_count,PASS,int64,
column dtype,training/Fifth_Third_Bancorp/node_features.csv.gz::hist_sent_amount_sum,PASS,int64,
column dtype,training/Fifth_Third_Bancorp/node_features.csv.gz::hist_recv_count,PASS,int64,
column dtype,training/Fifth_Third_Bancorp/node_features.csv.gz::hist_recv_amount_sum,PASS,int64,
column dtype,training/Fifth_Third_Bancorp/node_features.csv.gz::hist_out_degree,PASS,int64,
column dtype,training/Fifth_Third_Bancorp/node_features.csv.gz::hist_in_degree,PASS,int64,
duplicate txn_id values,training/Fifth_Third_Bancorp/transactions.csv.gz,PASS,0,
duplicate txn_id values,training/Fifth_Third_Bancorp/ground_truth.csv.gz,PASS,0,
invalid or unparseable timestamps,training/Fifth_Third_Bancorp/ground_truth.csv.gz,PASS,0,
timestamps outside expected period,training/Fifth_Third_Bancorp/ground_truth.csv.gz,PASS,0,
zero amounts,training/Fifth_Third_Bancorp/transactions.csv.gz,PASS,0,
negative amounts,training/Fifth_Third_Bancorp/transactions.csv.gz,PASS,0,
extreme amount max,training/Fifth_Third_Bancorp/transactions.csv.gz,PASS,10965572.59,
invalid labels,training/Fifth_Third_Bancorp/ground_truth.csv.gz,PASS,0,
class imbalance,training/Fifth_Third_Bancorp/ground_truth.csv.gz,WARNING,"{""0"": 34684, ""1"": 81}",fraud_rate=0.002330
unique source accounts,training/Fifth_Third_Bancorp/transactions.csv.gz,PASS,2166,
unique destination accounts,training/Fifth_Third_Bancorp/transactions.csv.gz,PASS,5872,
unknown account references,training/Fifth_Third_Bancorp,PASS,0,
invalid bank values,training/Fifth_Third_Bancorp/transactions.csv.gz,PASS,1,
inconsistent currencies,training/Fifth_Third_Bancorp/transactions.csv.gz,WARNING,"EUR,USD,XOF",
constant columns,training/Fifth_Third_Bancorp/transactions.csv.gz::src_bank_id,WARNING,1,
constant columns,training/Fifth_Third_Bancorp/transactions.csv.gz::currency,WARNING,1,
constant columns,training/Fifth_Third_Bancorp/transactions.csv.gz::Sufficient_Funds,WARNING,1,
constant columns,training/Fifth_Third_Bancorp/transactions.csv.gz::Overdraft_Okay,WARNING,1,
constant columns,training/Fifth_Third_Bancorp/transactions.csv.gz::Is_All_Cash,WARNING,1,
graph nodes missing from node maps,training/Fifth_Third_Bancorp/edge_list.csv.gz,PASS,0,
duplicate graph edges,training/Fifth_Third_Bancorp/edge_list.csv.gz,PASS,0,
disconnected or isolated nodes,training/Fifth_Third_Bancorp,PASS,0,
graph endpoint node features,training/Fifth_Third_Bancorp,PASS,7914,
transactions match labels,training/Fifth_Third_Bancorp,PASS,0,
core file exists,training/Key_Bank/transactions.csv.gz,PASS,True,
core file exists,training/Key_Bank/ground_truth.csv.gz,PASS,True,
core file exists,training/Key_Bank/edge_list.csv.gz,PASS,True,
core file exists,training/Key_Bank/node_map.csv.gz,PASS,True,
core file exists,training/Key_Bank/node_features.csv.gz,PASS,True,
row count,training/Key_Bank/transactions.csv.gz,PASS,22412,
duplicate rows,training/Key_Bank/transactions.csv.gz,PASS,0,
missing values by column,training/Key_Bank/transactions.csv.gz::txn_id,PASS,0,
missing values by column,training/Key_Bank/transactions.csv.gz::timestamp,PASS,0,
missing values by column,training/Key_Bank/transactions.csv.gz::Transaction_Date,PASS,0,
missing values by column,training/Key_Bank/transactions.csv.gz::Transaction_Time,PASS,0,
missing values by column,training/Key_Bank/transactions.csv.gz::src_id,PASS,0,
missing values by column,training/Key_Bank/transactions.csv.gz::dst_id,PASS,0,
missing values by column,training/Key_Bank/transactions.csv.gz::src_bank_id,PASS,0,
missing values by column,training/Key_Bank/transactions.csv.gz::dst_bank_id,PASS,0,
missing values by column,training/Key_Bank/transactions.csv.gz::Transaction_Day_of_Week,PASS,0,
missing values by column,training/Key_Bank/transactions.csv.gz::amount,PASS,0,
missing values by column,training/Key_Bank/transactions.csv.gz::currency,PASS,0,
missing values by column,training/Key_Bank/transactions.csv.gz::Amount_Received,PASS,0,
missing values by column,training/Key_Bank/transactions.csv.gz::Receiving_Currency,PASS,0,
missing values by column,training/Key_Bank/transactions.csv.gz::payment_format,PASS,0,
missing values by column,training/Key_Bank/transactions.csv.gz::From_Initial_Balance,PASS,0,
missing values by column,training/Key_Bank/transactions.csv.gz::To_Initial_Balance,PASS,0,
missing values by column,training/Key_Bank/transactions.csv.gz::Sufficient_Funds,PASS,0,
missing values by column,training/Key_Bank/transactions.csv.gz::Overdraft_Okay,PASS,0,
missing values by column,training/Key_Bank/transactions.csv.gz::Is_All_Cash,PASS,0,
missing values by column,training/Key_Bank/transactions.csv.gz::Is_Hold,PASS,0,
missing values by column,training/Key_Bank/transactions.csv.gz::transaction_type_model_safe,PASS,0,
missing values by column,training/Key_Bank/transactions.csv.gz::src_prev_txn_count,PASS,0,
missing values by column,training/Key_Bank/transactions.csv.gz::src_prev_amount_sum,PASS,0,
missing values by column,training/Key_Bank/transactions.csv.gz::src_prev_amount_mean,PASS,0,
missing values by column,training/Key_Bank/transactions.csv.gz::dst_prev_txn_count,PASS,0,
missing values by column,training/Key_Bank/transactions.csv.gz::dst_prev_amount_sum,PASS,0,
missing values by column,training/Key_Bank/transactions.csv.gz::dst_prev_amount_mean,PASS,0,
column dtype,training/Key_Bank/transactions.csv.gz::txn_id,PASS,int64,
column dtype,training/Key_Bank/transactions.csv.gz::timestamp,PASS,str,
column dtype,training/Key_Bank/transactions.csv.gz::Transaction_Date,PASS,str,
column dtype,training/Key_Bank/transactions.csv.gz::Transaction_Time,PASS,str,
column dtype,training/Key_Bank/transactions.csv.gz::src_id,PASS,int64,
column dtype,training/Key_Bank/transactions.csv.gz::dst_id,PASS,int64,
column dtype,training/Key_Bank/transactions.csv.gz::src_bank_id,PASS,str,
column dtype,training/Key_Bank/transactions.csv.gz::dst_bank_id,PASS,str,
column dtype,training/Key_Bank/transactions.csv.gz::Transaction_Day_of_Week,PASS,str,
column dtype,training/Key_Bank/transactions.csv.gz::amount,PASS,float64,
column dtype,training/Key_Bank/transactions.csv.gz::currency,PASS,str,
column dtype,training/Key_Bank/transactions.csv.gz::Amount_Received,PASS,float64,
column dtype,training/Key_Bank/transactions.csv.gz::Receiving_Currency,PASS,str,
column dtype,training/Key_Bank/transactions.csv.gz::payment_format,PASS,str,
column dtype,training/Key_Bank/transactions.csv.gz::From_Initial_Balance,PASS,float64,
column dtype,training/Key_Bank/transactions.csv.gz::To_Initial_Balance,PASS,float64,
column dtype,training/Key_Bank/transactions.csv.gz::Sufficient_Funds,PASS,int64,
column dtype,training/Key_Bank/transactions.csv.gz::Overdraft_Okay,PASS,int64,
column dtype,training/Key_Bank/transactions.csv.gz::Is_All_Cash,PASS,int64,
column dtype,training/Key_Bank/transactions.csv.gz::Is_Hold,PASS,int64,
column dtype,training/Key_Bank/transactions.csv.gz::transaction_type_model_safe,PASS,str,
column dtype,training/Key_Bank/transactions.csv.gz::src_prev_txn_count,PASS,int64,
column dtype,training/Key_Bank/transactions.csv.gz::src_prev_amount_sum,PASS,float64,
column dtype,training/Key_Bank/transactions.csv.gz::src_prev_amount_mean,PASS,float64,
column dtype,training/Key_Bank/transactions.csv.gz::dst_prev_txn_count,PASS,int64,
column dtype,training/Key_Bank/transactions.csv.gz::dst_prev_amount_sum,PASS,float64,
column dtype,training/Key_Bank/transactions.csv.gz::dst_prev_amount_mean,PASS,float64,
row count,training/Key_Bank/ground_truth.csv.gz,PASS,22412,
duplicate rows,training/Key_Bank/ground_truth.csv.gz,PASS,0,
missing values by column,training/Key_Bank/ground_truth.csv.gz::txn_id,PASS,0,
missing values by column,training/Key_Bank/ground_truth.csv.gz::timestamp,PASS,0,
missing values by column,training/Key_Bank/ground_truth.csv.gz::split,PASS,0,
missing values by column,training/Key_Bank/ground_truth.csv.gz::y,PASS,0,
column dtype,training/Key_Bank/ground_truth.csv.gz::txn_id,PASS,int64,
column dtype,training/Key_Bank/ground_truth.csv.gz::timestamp,PASS,str,
column dtype,training/Key_Bank/ground_truth.csv.gz::split,PASS,str,
column dtype,training/Key_Bank/ground_truth.csv.gz::y,PASS,int64,
row count,training/Key_Bank/edge_list.csv.gz,PASS,22412,
duplicate rows,training/Key_Bank/edge_list.csv.gz,PASS,0,
missing values by column,training/Key_Bank/edge_list.csv.gz::txn_id,PASS,0,
missing values by column,training/Key_Bank/edge_list.csv.gz::src_node,PASS,0,
missing values by column,training/Key_Bank/edge_list.csv.gz::dst_node,PASS,0,
missing values by column,training/Key_Bank/edge_list.csv.gz::timestamp,PASS,0,
missing values by column,training/Key_Bank/edge_list.csv.gz::amount,PASS,0,
missing values by column,training/Key_Bank/edge_list.csv.gz::currency,PASS,0,
missing values by column,training/Key_Bank/edge_list.csv.gz::Amount_Received,PASS,0,
missing values by column,training/Key_Bank/edge_list.csv.gz::Receiving_Currency,PASS,0,
missing values by column,training/Key_Bank/edge_list.csv.gz::payment_format,PASS,0,
missing values by column,training/Key_Bank/edge_list.csv.gz::transaction_type_model_safe,PASS,0,
column dtype,training/Key_Bank/edge_list.csv.gz::txn_id,PASS,int64,
column dtype,training/Key_Bank/edge_list.csv.gz::src_node,PASS,int64,
column dtype,training/Key_Bank/edge_list.csv.gz::dst_node,PASS,int64,
column dtype,training/Key_Bank/edge_list.csv.gz::timestamp,PASS,str,
column dtype,training/Key_Bank/edge_list.csv.gz::amount,PASS,float64,
column dtype,training/Key_Bank/edge_list.csv.gz::currency,PASS,str,
column dtype,training/Key_Bank/edge_list.csv.gz::Amount_Received,PASS,float64,
column dtype,training/Key_Bank/edge_list.csv.gz::Receiving_Currency,PASS,str,
column dtype,training/Key_Bank/edge_list.csv.gz::payment_format,PASS,str,
column dtype,training/Key_Bank/edge_list.csv.gz::transaction_type_model_safe,PASS,str,
row count,training/Key_Bank/node_map.csv.gz,PASS,5314,
duplicate rows,training/Key_Bank/node_map.csv.gz,PASS,0,
missing values by column,training/Key_Bank/node_map.csv.gz::account_id,PASS,0,
missing values by column,training/Key_Bank/node_map.csv.gz::node_id,PASS,0,
column dtype,training/Key_Bank/node_map.csv.gz::account_id,PASS,int64,
column dtype,training/Key_Bank/node_map.csv.gz::node_id,PASS,int64,
row count,training/Key_Bank/node_features.csv.gz,PASS,5314,
duplicate rows,training/Key_Bank/node_features.csv.gz,PASS,0,
missing values by column,training/Key_Bank/node_features.csv.gz::node_id,PASS,0,
missing values by column,training/Key_Bank/node_features.csv.gz::Account_Country,PASS,0,
missing values by column,training/Key_Bank/node_features.csv.gz::Account_Currency,PASS,0,
missing values by column,training/Key_Bank/node_features.csv.gz::Entity_Type,PASS,0,
missing values by column,training/Key_Bank/node_features.csv.gz::Does_Account_Have_Debit_Card,PASS,0,
missing values by column,training/Key_Bank/node_features.csv.gz::DebitCard_Index_in_EntityCards,PASS,0,
missing values by column,training/Key_Bank/node_features.csv.gz::MCC,PASS,0,
missing values by column,training/Key_Bank/node_features.csv.gz::Account_Type,PASS,0,
missing values by column,training/Key_Bank/node_features.csv.gz::Max_Overdraft,PASS,0,
missing values by column,training/Key_Bank/node_features.csv.gz::account_kind,PASS,0,
missing values by column,training/Key_Bank/node_features.csv.gz::hist_sent_count,PASS,0,
missing values by column,training/Key_Bank/node_features.csv.gz::hist_sent_amount_sum,PASS,0,
missing values by column,training/Key_Bank/node_features.csv.gz::hist_recv_count,PASS,0,
missing values by column,training/Key_Bank/node_features.csv.gz::hist_recv_amount_sum,PASS,0,
missing values by column,training/Key_Bank/node_features.csv.gz::hist_out_degree,PASS,0,
missing values by column,training/Key_Bank/node_features.csv.gz::hist_in_degree,PASS,0,
column dtype,training/Key_Bank/node_features.csv.gz::node_id,PASS,int64,
column dtype,training/Key_Bank/node_features.csv.gz::Account_Country,PASS,str,
column dtype,training/Key_Bank/node_features.csv.gz::Account_Currency,PASS,str,
column dtype,training/Key_Bank/node_features.csv.gz::Entity_Type,PASS,str,
column dtype,training/Key_Bank/node_features.csv.gz::Does_Account_Have_Debit_Card,PASS,float64,
column dtype,training/Key_Bank/node_features.csv.gz::DebitCard_Index_in_EntityCards,PASS,float64,
column dtype,training/Key_Bank/node_features.csv.gz::MCC,PASS,float64,
column dtype,training/Key_Bank/node_features.csv.gz::Account_Type,PASS,str,
column dtype,training/Key_Bank/node_features.csv.gz::Max_Overdraft,PASS,float64,
column dtype,training/Key_Bank/node_features.csv.gz::account_kind,PASS,str,
column dtype,training/Key_Bank/node_features.csv.gz::hist_sent_count,PASS,int64,
column dtype,training/Key_Bank/node_features.csv.gz::hist_sent_amount_sum,PASS,int64,
column dtype,training/Key_Bank/node_features.csv.gz::hist_recv_count,PASS,int64,
column dtype,training/Key_Bank/node_features.csv.gz::hist_recv_amount_sum,PASS,int64,
column dtype,training/Key_Bank/node_features.csv.gz::hist_out_degree,PASS,int64,
column dtype,training/Key_Bank/node_features.csv.gz::hist_in_degree,PASS,int64,
duplicate txn_id values,training/Key_Bank/transactions.csv.gz,PASS,0,
duplicate txn_id values,training/Key_Bank/ground_truth.csv.gz,PASS,0,
invalid or unparseable timestamps,training/Key_Bank/ground_truth.csv.gz,PASS,0,
timestamps outside expected period,training/Key_Bank/ground_truth.csv.gz,PASS,0,
zero amounts,training/Key_Bank/transactions.csv.gz,PASS,0,
negative amounts,training/Key_Bank/transactions.csv.gz,PASS,0,
extreme amount max,training/Key_Bank/transactions.csv.gz,PASS,8626566.37,
invalid labels,training/Key_Bank/ground_truth.csv.gz,PASS,0,
class imbalance,training/Key_Bank/ground_truth.csv.gz,WARNING,"{""0"": 22312, ""1"": 100}",fraud_rate=0.004462
unique source accounts,training/Key_Bank/transactions.csv.gz,PASS,2134,
unique destination accounts,training/Key_Bank/transactions.csv.gz,PASS,3264,
unknown account references,training/Key_Bank,PASS,0,
invalid bank values,training/Key_Bank/transactions.csv.gz,PASS,1,
inconsistent currencies,training/Key_Bank/transactions.csv.gz,WARNING,"EUR,MXN,USD",
constant columns,training/Key_Bank/transactions.csv.gz::src_bank_id,WARNING,1,
constant columns,training/Key_Bank/transactions.csv.gz::Overdraft_Okay,WARNING,1,
constant columns,training/Key_Bank/transactions.csv.gz::Is_All_Cash,WARNING,1,
graph nodes missing from node maps,training/Key_Bank/edge_list.csv.gz,PASS,0,
duplicate graph edges,training/Key_Bank/edge_list.csv.gz,PASS,0,
disconnected or isolated nodes,training/Key_Bank,PASS,0,
graph endpoint node features,training/Key_Bank,PASS,5314,
transactions match labels,training/Key_Bank,PASS,0,
core file exists,validation/JPMorgan_Chase/transactions.csv.gz,PASS,True,
core file exists,validation/JPMorgan_Chase/ground_truth.csv.gz,PASS,True,
core file exists,validation/JPMorgan_Chase/edge_list.csv.gz,PASS,True,
core file exists,validation/JPMorgan_Chase/node_map.csv.gz,PASS,True,
core file exists,validation/JPMorgan_Chase/node_features.csv.gz,PASS,True,
row count,validation/JPMorgan_Chase/transactions.csv.gz,PASS,64487,
duplicate rows,validation/JPMorgan_Chase/transactions.csv.gz,PASS,0,
missing values by column,validation/JPMorgan_Chase/transactions.csv.gz::txn_id,PASS,0,
missing values by column,validation/JPMorgan_Chase/transactions.csv.gz::timestamp,PASS,0,
missing values by column,validation/JPMorgan_Chase/transactions.csv.gz::Transaction_Date,PASS,0,
missing values by column,validation/JPMorgan_Chase/transactions.csv.gz::Transaction_Time,PASS,0,
missing values by column,validation/JPMorgan_Chase/transactions.csv.gz::src_id,PASS,0,
missing values by column,validation/JPMorgan_Chase/transactions.csv.gz::dst_id,PASS,0,
missing values by column,validation/JPMorgan_Chase/transactions.csv.gz::src_bank_id,PASS,0,
missing values by column,validation/JPMorgan_Chase/transactions.csv.gz::dst_bank_id,PASS,0,
missing values by column,validation/JPMorgan_Chase/transactions.csv.gz::Transaction_Day_of_Week,PASS,0,
missing values by column,validation/JPMorgan_Chase/transactions.csv.gz::amount,PASS,0,
missing values by column,validation/JPMorgan_Chase/transactions.csv.gz::currency,PASS,0,
missing values by column,validation/JPMorgan_Chase/transactions.csv.gz::Amount_Received,PASS,0,
missing values by column,validation/JPMorgan_Chase/transactions.csv.gz::Receiving_Currency,PASS,0,
missing values by column,validation/JPMorgan_Chase/transactions.csv.gz::payment_format,PASS,0,
missing values by column,validation/JPMorgan_Chase/transactions.csv.gz::From_Initial_Balance,PASS,0,
missing values by column,validation/JPMorgan_Chase/transactions.csv.gz::To_Initial_Balance,PASS,0,
missing values by column,validation/JPMorgan_Chase/transactions.csv.gz::Sufficient_Funds,PASS,0,
missing values by column,validation/JPMorgan_Chase/transactions.csv.gz::Overdraft_Okay,PASS,0,
missing values by column,validation/JPMorgan_Chase/transactions.csv.gz::Is_All_Cash,PASS,0,
missing values by column,validation/JPMorgan_Chase/transactions.csv.gz::Is_Hold,PASS,0,
missing values by column,validation/JPMorgan_Chase/transactions.csv.gz::transaction_type_model_safe,PASS,0,
missing values by column,validation/JPMorgan_Chase/transactions.csv.gz::src_prev_txn_count,PASS,0,
missing values by column,validation/JPMorgan_Chase/transactions.csv.gz::src_prev_amount_sum,PASS,0,
missing values by column,validation/JPMorgan_Chase/transactions.csv.gz::src_prev_amount_mean,PASS,0,
missing values by column,validation/JPMorgan_Chase/transactions.csv.gz::dst_prev_txn_count,PASS,0,
missing values by column,validation/JPMorgan_Chase/transactions.csv.gz::dst_prev_amount_sum,PASS,0,
missing values by column,validation/JPMorgan_Chase/transactions.csv.gz::dst_prev_amount_mean,PASS,0,
column dtype,validation/JPMorgan_Chase/transactions.csv.gz::txn_id,PASS,int64,
column dtype,validation/JPMorgan_Chase/transactions.csv.gz::timestamp,PASS,str,
column dtype,validation/JPMorgan_Chase/transactions.csv.gz::Transaction_Date,PASS,str,
column dtype,validation/JPMorgan_Chase/transactions.csv.gz::Transaction_Time,PASS,str,
column dtype,validation/JPMorgan_Chase/transactions.csv.gz::src_id,PASS,int64,
column dtype,validation/JPMorgan_Chase/transactions.csv.gz::dst_id,PASS,int64,
column dtype,validation/JPMorgan_Chase/transactions.csv.gz::src_bank_id,PASS,str,
column dtype,validation/JPMorgan_Chase/transactions.csv.gz::dst_bank_id,PASS,str,
column dtype,validation/JPMorgan_Chase/transactions.csv.gz::Transaction_Day_of_Week,PASS,str,
column dtype,validation/JPMorgan_Chase/transactions.csv.gz::amount,PASS,float64,
column dtype,validation/JPMorgan_Chase/transactions.csv.gz::currency,PASS,str,
column dtype,validation/JPMorgan_Chase/transactions.csv.gz::Amount_Received,PASS,float64,
column dtype,validation/JPMorgan_Chase/transactions.csv.gz::Receiving_Currency,PASS,str,
column dtype,validation/JPMorgan_Chase/transactions.csv.gz::payment_format,PASS,str,
column dtype,validation/JPMorgan_Chase/transactions.csv.gz::From_Initial_Balance,PASS,float64,
column dtype,validation/JPMorgan_Chase/transactions.csv.gz::To_Initial_Balance,PASS,float64,
column dtype,validation/JPMorgan_Chase/transactions.csv.gz::Sufficient_Funds,PASS,int64,
column dtype,validation/JPMorgan_Chase/transactions.csv.gz::Overdraft_Okay,PASS,int64,
column dtype,validation/JPMorgan_Chase/transactions.csv.gz::Is_All_Cash,PASS,int64,
column dtype,validation/JPMorgan_Chase/transactions.csv.gz::Is_Hold,PASS,int64,
column dtype,validation/JPMorgan_Chase/transactions.csv.gz::transaction_type_model_safe,PASS,str,
column dtype,validation/JPMorgan_Chase/transactions.csv.gz::src_prev_txn_count,PASS,int64,
column dtype,validation/JPMorgan_Chase/transactions.csv.gz::src_prev_amount_sum,PASS,float64,
column dtype,validation/JPMorgan_Chase/transactions.csv.gz::src_prev_amount_mean,PASS,float64,
column dtype,validation/JPMorgan_Chase/transactions.csv.gz::dst_prev_txn_count,PASS,int64,
column dtype,validation/JPMorgan_Chase/transactions.csv.gz::dst_prev_amount_sum,PASS,float64,
column dtype,validation/JPMorgan_Chase/transactions.csv.gz::dst_prev_amount_mean,PASS,float64,
row count,validation/JPMorgan_Chase/ground_truth.csv.gz,PASS,64487,
duplicate rows,validation/JPMorgan_Chase/ground_truth.csv.gz,PASS,0,
missing values by column,validation/JPMorgan_Chase/ground_truth.csv.gz::txn_id,PASS,0,
missing values by column,validation/JPMorgan_Chase/ground_truth.csv.gz::timestamp,PASS,0,
missing values by column,validation/JPMorgan_Chase/ground_truth.csv.gz::split,PASS,0,
missing values by column,validation/JPMorgan_Chase/ground_truth.csv.gz::y,PASS,0,
column dtype,validation/JPMorgan_Chase/ground_truth.csv.gz::txn_id,PASS,int64,
column dtype,validation/JPMorgan_Chase/ground_truth.csv.gz::timestamp,PASS,str,
column dtype,validation/JPMorgan_Chase/ground_truth.csv.gz::split,PASS,str,
column dtype,validation/JPMorgan_Chase/ground_truth.csv.gz::y,PASS,int64,
row count,validation/JPMorgan_Chase/edge_list.csv.gz,PASS,64487,
duplicate rows,validation/JPMorgan_Chase/edge_list.csv.gz,PASS,0,
missing values by column,validation/JPMorgan_Chase/edge_list.csv.gz::txn_id,PASS,0,
missing values by column,validation/JPMorgan_Chase/edge_list.csv.gz::src_node,PASS,0,
missing values by column,validation/JPMorgan_Chase/edge_list.csv.gz::dst_node,PASS,0,
missing values by column,validation/JPMorgan_Chase/edge_list.csv.gz::timestamp,PASS,0,
missing values by column,validation/JPMorgan_Chase/edge_list.csv.gz::amount,PASS,0,
missing values by column,validation/JPMorgan_Chase/edge_list.csv.gz::currency,PASS,0,
missing values by column,validation/JPMorgan_Chase/edge_list.csv.gz::Amount_Received,PASS,0,
missing values by column,validation/JPMorgan_Chase/edge_list.csv.gz::Receiving_Currency,PASS,0,
missing values by column,validation/JPMorgan_Chase/edge_list.csv.gz::payment_format,PASS,0,
missing values by column,validation/JPMorgan_Chase/edge_list.csv.gz::transaction_type_model_safe,PASS,0,
column dtype,validation/JPMorgan_Chase/edge_list.csv.gz::txn_id,PASS,int64,
column dtype,validation/JPMorgan_Chase/edge_list.csv.gz::src_node,PASS,int64,
column dtype,validation/JPMorgan_Chase/edge_list.csv.gz::dst_node,PASS,int64,
column dtype,validation/JPMorgan_Chase/edge_list.csv.gz::timestamp,PASS,str,
column dtype,validation/JPMorgan_Chase/edge_list.csv.gz::amount,PASS,float64,
column dtype,validation/JPMorgan_Chase/edge_list.csv.gz::currency,PASS,str,
column dtype,validation/JPMorgan_Chase/edge_list.csv.gz::Amount_Received,PASS,float64,
column dtype,validation/JPMorgan_Chase/edge_list.csv.gz::Receiving_Currency,PASS,str,
column dtype,validation/JPMorgan_Chase/edge_list.csv.gz::payment_format,PASS,str,
column dtype,validation/JPMorgan_Chase/edge_list.csv.gz::transaction_type_model_safe,PASS,str,
row count,validation/JPMorgan_Chase/node_map.csv.gz,PASS,22600,
duplicate rows,validation/JPMorgan_Chase/node_map.csv.gz,PASS,0,
missing values by column,validation/JPMorgan_Chase/node_map.csv.gz::account_id,PASS,0,
missing values by column,validation/JPMorgan_Chase/node_map.csv.gz::node_id,PASS,0,
column dtype,validation/JPMorgan_Chase/node_map.csv.gz::account_id,PASS,int64,
column dtype,validation/JPMorgan_Chase/node_map.csv.gz::node_id,PASS,int64,
row count,validation/JPMorgan_Chase/node_features.csv.gz,PASS,22600,
duplicate rows,validation/JPMorgan_Chase/node_features.csv.gz,PASS,0,
missing values by column,validation/JPMorgan_Chase/node_features.csv.gz::node_id,PASS,0,
missing values by column,validation/JPMorgan_Chase/node_features.csv.gz::Account_Country,PASS,0,
missing values by column,validation/JPMorgan_Chase/node_features.csv.gz::Account_Currency,PASS,0,
missing values by column,validation/JPMorgan_Chase/node_features.csv.gz::Entity_Type,PASS,0,
missing values by column,validation/JPMorgan_Chase/node_features.csv.gz::Does_Account_Have_Debit_Card,PASS,0,
missing values by column,validation/JPMorgan_Chase/node_features.csv.gz::DebitCard_Index_in_EntityCards,PASS,0,
missing values by column,validation/JPMorgan_Chase/node_features.csv.gz::MCC,PASS,0,
missing values by column,validation/JPMorgan_Chase/node_features.csv.gz::Account_Type,PASS,0,
missing values by column,validation/JPMorgan_Chase/node_features.csv.gz::Max_Overdraft,PASS,0,
missing values by column,validation/JPMorgan_Chase/node_features.csv.gz::account_kind,PASS,0,
missing values by column,validation/JPMorgan_Chase/node_features.csv.gz::hist_sent_count,PASS,0,
missing values by column,validation/JPMorgan_Chase/node_features.csv.gz::hist_sent_amount_sum,PASS,0,
missing values by column,validation/JPMorgan_Chase/node_features.csv.gz::hist_recv_count,PASS,0,
missing values by column,validation/JPMorgan_Chase/node_features.csv.gz::hist_recv_amount_sum,PASS,0,
missing values by column,validation/JPMorgan_Chase/node_features.csv.gz::hist_out_degree,PASS,0,
missing values by column,validation/JPMorgan_Chase/node_features.csv.gz::hist_in_degree,PASS,0,
column dtype,validation/JPMorgan_Chase/node_features.csv.gz::node_id,PASS,int64,
column dtype,validation/JPMorgan_Chase/node_features.csv.gz::Account_Country,PASS,str,
column dtype,validation/JPMorgan_Chase/node_features.csv.gz::Account_Currency,PASS,str,
column dtype,validation/JPMorgan_Chase/node_features.csv.gz::Entity_Type,PASS,str,
column dtype,validation/JPMorgan_Chase/node_features.csv.gz::Does_Account_Have_Debit_Card,PASS,float64,
column dtype,validation/JPMorgan_Chase/node_features.csv.gz::DebitCard_Index_in_EntityCards,PASS,float64,
column dtype,validation/JPMorgan_Chase/node_features.csv.gz::MCC,PASS,float64,
column dtype,validation/JPMorgan_Chase/node_features.csv.gz::Account_Type,PASS,str,
column dtype,validation/JPMorgan_Chase/node_features.csv.gz::Max_Overdraft,PASS,float64,
column dtype,validation/JPMorgan_Chase/node_features.csv.gz::account_kind,PASS,str,
column dtype,validation/JPMorgan_Chase/node_features.csv.gz::hist_sent_count,PASS,float64,
column dtype,validation/JPMorgan_Chase/node_features.csv.gz::hist_sent_amount_sum,PASS,float64,
column dtype,validation/JPMorgan_Chase/node_features.csv.gz::hist_recv_count,PASS,float64,
column dtype,validation/JPMorgan_Chase/node_features.csv.gz::hist_recv_amount_sum,PASS,float64,
column dtype,validation/JPMorgan_Chase/node_features.csv.gz::hist_out_degree,PASS,float64,
column dtype,validation/JPMorgan_Chase/node_features.csv.gz::hist_in_degree,PASS,float64,
duplicate txn_id values,validation/JPMorgan_Chase/transactions.csv.gz,PASS,0,
duplicate txn_id values,validation/JPMorgan_Chase/ground_truth.csv.gz,PASS,0,
invalid or unparseable timestamps,validation/JPMorgan_Chase/ground_truth.csv.gz,PASS,0,
timestamps outside expected period,validation/JPMorgan_Chase/ground_truth.csv.gz,PASS,0,
zero amounts,validation/JPMorgan_Chase/transactions.csv.gz,PASS,0,
negative amounts,validation/JPMorgan_Chase/transactions.csv.gz,PASS,0,
extreme amount max,validation/JPMorgan_Chase/transactions.csv.gz,PASS,13663799.77,
invalid labels,validation/JPMorgan_Chase/ground_truth.csv.gz,PASS,0,
class imbalance,validation/JPMorgan_Chase/ground_truth.csv.gz,WARNING,"{""0"": 64471, ""1"": 16}",fraud_rate=0.000248
unique source accounts,validation/JPMorgan_Chase/transactions.csv.gz,PASS,7816,
unique destination accounts,validation/JPMorgan_Chase/transactions.csv.gz,PASS,15996,
unknown account references,validation/JPMorgan_Chase,PASS,0,
invalid bank values,validation/JPMorgan_Chase/transactions.csv.gz,PASS,1,
inconsistent currencies,validation/JPMorgan_Chase/transactions.csv.gz,WARNING,"DOP,EUR,GBP,JPY,KRW,MXN,NZD,USD",
constant columns,validation/JPMorgan_Chase/transactions.csv.gz::src_bank_id,WARNING,1,
constant columns,validation/JPMorgan_Chase/transactions.csv.gz::Overdraft_Okay,WARNING,1,
constant columns,validation/JPMorgan_Chase/transactions.csv.gz::Is_All_Cash,WARNING,1,
graph nodes missing from node maps,validation/JPMorgan_Chase/edge_list.csv.gz,PASS,0,
duplicate graph edges,validation/JPMorgan_Chase/edge_list.csv.gz,PASS,0,
disconnected or isolated nodes,validation/JPMorgan_Chase,PASS,0,
graph endpoint node features,validation/JPMorgan_Chase,PASS,22600,
transactions match labels,validation/JPMorgan_Chase,PASS,0,
core file exists,validation/Wells_Fargo/transactions.csv.gz,PASS,True,
core file exists,validation/Wells_Fargo/ground_truth.csv.gz,PASS,True,
core file exists,validation/Wells_Fargo/edge_list.csv.gz,PASS,True,
core file exists,validation/Wells_Fargo/node_map.csv.gz,PASS,True,
core file exists,validation/Wells_Fargo/node_features.csv.gz,PASS,True,
row count,validation/Wells_Fargo/transactions.csv.gz,PASS,25592,
duplicate rows,validation/Wells_Fargo/transactions.csv.gz,PASS,0,
missing values by column,validation/Wells_Fargo/transactions.csv.gz::txn_id,PASS,0,
missing values by column,validation/Wells_Fargo/transactions.csv.gz::timestamp,PASS,0,
missing values by column,validation/Wells_Fargo/transactions.csv.gz::Transaction_Date,PASS,0,
missing values by column,validation/Wells_Fargo/transactions.csv.gz::Transaction_Time,PASS,0,
missing values by column,validation/Wells_Fargo/transactions.csv.gz::src_id,PASS,0,
missing values by column,validation/Wells_Fargo/transactions.csv.gz::dst_id,PASS,0,
missing values by column,validation/Wells_Fargo/transactions.csv.gz::src_bank_id,PASS,0,
missing values by column,validation/Wells_Fargo/transactions.csv.gz::dst_bank_id,PASS,0,
missing values by column,validation/Wells_Fargo/transactions.csv.gz::Transaction_Day_of_Week,PASS,0,
missing values by column,validation/Wells_Fargo/transactions.csv.gz::amount,PASS,0,
missing values by column,validation/Wells_Fargo/transactions.csv.gz::currency,PASS,0,
missing values by column,validation/Wells_Fargo/transactions.csv.gz::Amount_Received,PASS,0,
missing values by column,validation/Wells_Fargo/transactions.csv.gz::Receiving_Currency,PASS,0,
missing values by column,validation/Wells_Fargo/transactions.csv.gz::payment_format,PASS,0,
missing values by column,validation/Wells_Fargo/transactions.csv.gz::From_Initial_Balance,PASS,0,
missing values by column,validation/Wells_Fargo/transactions.csv.gz::To_Initial_Balance,PASS,0,
missing values by column,validation/Wells_Fargo/transactions.csv.gz::Sufficient_Funds,PASS,0,
missing values by column,validation/Wells_Fargo/transactions.csv.gz::Overdraft_Okay,PASS,0,
missing values by column,validation/Wells_Fargo/transactions.csv.gz::Is_All_Cash,PASS,0,
missing values by column,validation/Wells_Fargo/transactions.csv.gz::Is_Hold,PASS,0,
missing values by column,validation/Wells_Fargo/transactions.csv.gz::transaction_type_model_safe,PASS,0,
missing values by column,validation/Wells_Fargo/transactions.csv.gz::src_prev_txn_count,PASS,0,
missing values by column,validation/Wells_Fargo/transactions.csv.gz::src_prev_amount_sum,PASS,0,
missing values by column,validation/Wells_Fargo/transactions.csv.gz::src_prev_amount_mean,PASS,0,
missing values by column,validation/Wells_Fargo/transactions.csv.gz::dst_prev_txn_count,PASS,0,
missing values by column,validation/Wells_Fargo/transactions.csv.gz::dst_prev_amount_sum,PASS,0,
missing values by column,validation/Wells_Fargo/transactions.csv.gz::dst_prev_amount_mean,PASS,0,
column dtype,validation/Wells_Fargo/transactions.csv.gz::txn_id,PASS,int64,
column dtype,validation/Wells_Fargo/transactions.csv.gz::timestamp,PASS,str,
column dtype,validation/Wells_Fargo/transactions.csv.gz::Transaction_Date,PASS,str,
column dtype,validation/Wells_Fargo/transactions.csv.gz::Transaction_Time,PASS,str,
column dtype,validation/Wells_Fargo/transactions.csv.gz::src_id,PASS,int64,
column dtype,validation/Wells_Fargo/transactions.csv.gz::dst_id,PASS,int64,
column dtype,validation/Wells_Fargo/transactions.csv.gz::src_bank_id,PASS,str,
column dtype,validation/Wells_Fargo/transactions.csv.gz::dst_bank_id,PASS,str,
column dtype,validation/Wells_Fargo/transactions.csv.gz::Transaction_Day_of_Week,PASS,str,
column dtype,validation/Wells_Fargo/transactions.csv.gz::amount,PASS,float64,
column dtype,validation/Wells_Fargo/transactions.csv.gz::currency,PASS,str,
column dtype,validation/Wells_Fargo/transactions.csv.gz::Amount_Received,PASS,float64,
column dtype,validation/Wells_Fargo/transactions.csv.gz::Receiving_Currency,PASS,str,
column dtype,validation/Wells_Fargo/transactions.csv.gz::payment_format,PASS,str,
column dtype,validation/Wells_Fargo/transactions.csv.gz::From_Initial_Balance,PASS,float64,
column dtype,validation/Wells_Fargo/transactions.csv.gz::To_Initial_Balance,PASS,float64,
column dtype,validation/Wells_Fargo/transactions.csv.gz::Sufficient_Funds,PASS,int64,
column dtype,validation/Wells_Fargo/transactions.csv.gz::Overdraft_Okay,PASS,int64,
column dtype,validation/Wells_Fargo/transactions.csv.gz::Is_All_Cash,PASS,int64,
column dtype,validation/Wells_Fargo/transactions.csv.gz::Is_Hold,PASS,int64,
column dtype,validation/Wells_Fargo/transactions.csv.gz::transaction_type_model_safe,PASS,str,
column dtype,validation/Wells_Fargo/transactions.csv.gz::src_prev_txn_count,PASS,int64,
column dtype,validation/Wells_Fargo/transactions.csv.gz::src_prev_amount_sum,PASS,float64,
column dtype,validation/Wells_Fargo/transactions.csv.gz::src_prev_amount_mean,PASS,float64,
column dtype,validation/Wells_Fargo/transactions.csv.gz::dst_prev_txn_count,PASS,int64,
column dtype,validation/Wells_Fargo/transactions.csv.gz::dst_prev_amount_sum,PASS,float64,
column dtype,validation/Wells_Fargo/transactions.csv.gz::dst_prev_amount_mean,PASS,float64,
row count,validation/Wells_Fargo/ground_truth.csv.gz,PASS,25592,
duplicate rows,validation/Wells_Fargo/ground_truth.csv.gz,PASS,0,
missing values by column,validation/Wells_Fargo/ground_truth.csv.gz::txn_id,PASS,0,
missing values by column,validation/Wells_Fargo/ground_truth.csv.gz::timestamp,PASS,0,
missing values by column,validation/Wells_Fargo/ground_truth.csv.gz::split,PASS,0,
missing values by column,validation/Wells_Fargo/ground_truth.csv.gz::y,PASS,0,
column dtype,validation/Wells_Fargo/ground_truth.csv.gz::txn_id,PASS,int64,
column dtype,validation/Wells_Fargo/ground_truth.csv.gz::timestamp,PASS,str,
column dtype,validation/Wells_Fargo/ground_truth.csv.gz::split,PASS,str,
column dtype,validation/Wells_Fargo/ground_truth.csv.gz::y,PASS,int64,
row count,validation/Wells_Fargo/edge_list.csv.gz,PASS,25592,
duplicate rows,validation/Wells_Fargo/edge_list.csv.gz,PASS,0,
missing values by column,validation/Wells_Fargo/edge_list.csv.gz::txn_id,PASS,0,
missing values by column,validation/Wells_Fargo/edge_list.csv.gz::src_node,PASS,0,
missing values by column,validation/Wells_Fargo/edge_list.csv.gz::dst_node,PASS,0,
missing values by column,validation/Wells_Fargo/edge_list.csv.gz::timestamp,PASS,0,
missing values by column,validation/Wells_Fargo/edge_list.csv.gz::amount,PASS,0,
missing values by column,validation/Wells_Fargo/edge_list.csv.gz::currency,PASS,0,
missing values by column,validation/Wells_Fargo/edge_list.csv.gz::Amount_Received,PASS,0,
missing values by column,validation/Wells_Fargo/edge_list.csv.gz::Receiving_Currency,PASS,0,
missing values by column,validation/Wells_Fargo/edge_list.csv.gz::payment_format,PASS,0,
missing values by column,validation/Wells_Fargo/edge_list.csv.gz::transaction_type_model_safe,PASS,0,
column dtype,validation/Wells_Fargo/edge_list.csv.gz::txn_id,PASS,int64,
column dtype,validation/Wells_Fargo/edge_list.csv.gz::src_node,PASS,int64,
column dtype,validation/Wells_Fargo/edge_list.csv.gz::dst_node,PASS,int64,
column dtype,validation/Wells_Fargo/edge_list.csv.gz::timestamp,PASS,str,
column dtype,validation/Wells_Fargo/edge_list.csv.gz::amount,PASS,float64,
column dtype,validation/Wells_Fargo/edge_list.csv.gz::currency,PASS,str,
column dtype,validation/Wells_Fargo/edge_list.csv.gz::Amount_Received,PASS,float64,
column dtype,validation/Wells_Fargo/edge_list.csv.gz::Receiving_Currency,PASS,str,
column dtype,validation/Wells_Fargo/edge_list.csv.gz::payment_format,PASS,str,
column dtype,validation/Wells_Fargo/edge_list.csv.gz::transaction_type_model_safe,PASS,str,
row count,validation/Wells_Fargo/node_map.csv.gz,PASS,10218,
duplicate rows,validation/Wells_Fargo/node_map.csv.gz,PASS,0,
missing values by column,validation/Wells_Fargo/node_map.csv.gz::account_id,PASS,0,
missing values by column,validation/Wells_Fargo/node_map.csv.gz::node_id,PASS,0,
column dtype,validation/Wells_Fargo/node_map.csv.gz::account_id,PASS,int64,
column dtype,validation/Wells_Fargo/node_map.csv.gz::node_id,PASS,int64,
row count,validation/Wells_Fargo/node_features.csv.gz,PASS,10218,
duplicate rows,validation/Wells_Fargo/node_features.csv.gz,PASS,0,
missing values by column,validation/Wells_Fargo/node_features.csv.gz::node_id,PASS,0,
missing values by column,validation/Wells_Fargo/node_features.csv.gz::Account_Country,PASS,0,
missing values by column,validation/Wells_Fargo/node_features.csv.gz::Account_Currency,PASS,0,
missing values by column,validation/Wells_Fargo/node_features.csv.gz::Entity_Type,PASS,0,
missing values by column,validation/Wells_Fargo/node_features.csv.gz::Does_Account_Have_Debit_Card,PASS,0,
missing values by column,validation/Wells_Fargo/node_features.csv.gz::DebitCard_Index_in_EntityCards,PASS,0,
missing values by column,validation/Wells_Fargo/node_features.csv.gz::MCC,PASS,0,
missing values by column,validation/Wells_Fargo/node_features.csv.gz::Account_Type,PASS,0,
missing values by column,validation/Wells_Fargo/node_features.csv.gz::Max_Overdraft,PASS,0,
missing values by column,validation/Wells_Fargo/node_features.csv.gz::account_kind,PASS,0,
missing values by column,validation/Wells_Fargo/node_features.csv.gz::hist_sent_count,PASS,0,
missing values by column,validation/Wells_Fargo/node_features.csv.gz::hist_sent_amount_sum,PASS,0,
missing values by column,validation/Wells_Fargo/node_features.csv.gz::hist_recv_count,PASS,0,
missing values by column,validation/Wells_Fargo/node_features.csv.gz::hist_recv_amount_sum,PASS,0,
missing values by column,validation/Wells_Fargo/node_features.csv.gz::hist_out_degree,PASS,0,
missing values by column,validation/Wells_Fargo/node_features.csv.gz::hist_in_degree,PASS,0,
column dtype,validation/Wells_Fargo/node_features.csv.gz::node_id,PASS,int64,
column dtype,validation/Wells_Fargo/node_features.csv.gz::Account_Country,PASS,str,
column dtype,validation/Wells_Fargo/node_features.csv.gz::Account_Currency,PASS,str,
column dtype,validation/Wells_Fargo/node_features.csv.gz::Entity_Type,PASS,str,
column dtype,validation/Wells_Fargo/node_features.csv.gz::Does_Account_Have_Debit_Card,PASS,float64,
column dtype,validation/Wells_Fargo/node_features.csv.gz::DebitCard_Index_in_EntityCards,PASS,float64,
column dtype,validation/Wells_Fargo/node_features.csv.gz::MCC,PASS,float64,
column dtype,validation/Wells_Fargo/node_features.csv.gz::Account_Type,PASS,str,
column dtype,validation/Wells_Fargo/node_features.csv.gz::Max_Overdraft,PASS,float64,
column dtype,validation/Wells_Fargo/node_features.csv.gz::account_kind,PASS,str,
column dtype,validation/Wells_Fargo/node_features.csv.gz::hist_sent_count,PASS,float64,
column dtype,validation/Wells_Fargo/node_features.csv.gz::hist_sent_amount_sum,PASS,float64,
column dtype,validation/Wells_Fargo/node_features.csv.gz::hist_recv_count,PASS,float64,
column dtype,validation/Wells_Fargo/node_features.csv.gz::hist_recv_amount_sum,PASS,float64,
column dtype,validation/Wells_Fargo/node_features.csv.gz::hist_out_degree,PASS,float64,
column dtype,validation/Wells_Fargo/node_features.csv.gz::hist_in_degree,PASS,float64,
duplicate txn_id values,validation/Wells_Fargo/transactions.csv.gz,PASS,0,
duplicate txn_id values,validation/Wells_Fargo/ground_truth.csv.gz,PASS,0,
invalid or unparseable timestamps,validation/Wells_Fargo/ground_truth.csv.gz,PASS,0,
timestamps outside expected period,validation/Wells_Fargo/ground_truth.csv.gz,PASS,0,
zero amounts,validation/Wells_Fargo/transactions.csv.gz,PASS,0,
negative amounts,validation/Wells_Fargo/transactions.csv.gz,PASS,0,
extreme amount max,validation/Wells_Fargo/transactions.csv.gz,PASS,4667668.04,
invalid labels,validation/Wells_Fargo/ground_truth.csv.gz,PASS,0,
class imbalance,validation/Wells_Fargo/ground_truth.csv.gz,WARNING,"{""0"": 25570, ""1"": 22}",fraud_rate=0.000860
unique source accounts,validation/Wells_Fargo/transactions.csv.gz,PASS,3903,
unique destination accounts,validation/Wells_Fargo/transactions.csv.gz,PASS,6631,
unknown account references,validation/Wells_Fargo,PASS,0,
invalid bank values,validation/Wells_Fargo/transactions.csv.gz,PASS,1,
inconsistent currencies,validation/Wells_Fargo/transactions.csv.gz,WARNING,"CAD,USD",
constant columns,validation/Wells_Fargo/transactions.csv.gz::src_bank_id,WARNING,1,
constant columns,validation/Wells_Fargo/transactions.csv.gz::currency,WARNING,1,
constant columns,validation/Wells_Fargo/transactions.csv.gz::Sufficient_Funds,WARNING,1,
constant columns,validation/Wells_Fargo/transactions.csv.gz::Overdraft_Okay,WARNING,1,
constant columns,validation/Wells_Fargo/transactions.csv.gz::Is_All_Cash,WARNING,1,
graph nodes missing from node maps,validation/Wells_Fargo/edge_list.csv.gz,PASS,0,
duplicate graph edges,validation/Wells_Fargo/edge_list.csv.gz,PASS,0,
disconnected or isolated nodes,validation/Wells_Fargo,PASS,0,
graph endpoint node features,validation/Wells_Fargo,PASS,10218,
transactions match labels,validation/Wells_Fargo,PASS,0,
core file exists,validation/Citi/transactions.csv.gz,PASS,True,
core file exists,validation/Citi/ground_truth.csv.gz,PASS,True,
core file exists,validation/Citi/edge_list.csv.gz,PASS,True,
core file exists,validation/Citi/node_map.csv.gz,PASS,True,
core file exists,validation/Citi/node_features.csv.gz,PASS,True,
row count,validation/Citi/transactions.csv.gz,PASS,18836,
duplicate rows,validation/Citi/transactions.csv.gz,PASS,0,
missing values by column,validation/Citi/transactions.csv.gz::txn_id,PASS,0,
missing values by column,validation/Citi/transactions.csv.gz::timestamp,PASS,0,
missing values by column,validation/Citi/transactions.csv.gz::Transaction_Date,PASS,0,
missing values by column,validation/Citi/transactions.csv.gz::Transaction_Time,PASS,0,
missing values by column,validation/Citi/transactions.csv.gz::src_id,PASS,0,
missing values by column,validation/Citi/transactions.csv.gz::dst_id,PASS,0,
missing values by column,validation/Citi/transactions.csv.gz::src_bank_id,PASS,0,
missing values by column,validation/Citi/transactions.csv.gz::dst_bank_id,PASS,0,
missing values by column,validation/Citi/transactions.csv.gz::Transaction_Day_of_Week,PASS,0,
missing values by column,validation/Citi/transactions.csv.gz::amount,PASS,0,
missing values by column,validation/Citi/transactions.csv.gz::currency,PASS,0,
missing values by column,validation/Citi/transactions.csv.gz::Amount_Received,PASS,0,
missing values by column,validation/Citi/transactions.csv.gz::Receiving_Currency,PASS,0,
missing values by column,validation/Citi/transactions.csv.gz::payment_format,PASS,0,
missing values by column,validation/Citi/transactions.csv.gz::From_Initial_Balance,PASS,0,
missing values by column,validation/Citi/transactions.csv.gz::To_Initial_Balance,PASS,0,
missing values by column,validation/Citi/transactions.csv.gz::Sufficient_Funds,PASS,0,
missing values by column,validation/Citi/transactions.csv.gz::Overdraft_Okay,PASS,0,
missing values by column,validation/Citi/transactions.csv.gz::Is_All_Cash,PASS,0,
missing values by column,validation/Citi/transactions.csv.gz::Is_Hold,PASS,0,
missing values by column,validation/Citi/transactions.csv.gz::transaction_type_model_safe,PASS,0,
missing values by column,validation/Citi/transactions.csv.gz::src_prev_txn_count,PASS,0,
missing values by column,validation/Citi/transactions.csv.gz::src_prev_amount_sum,PASS,0,
missing values by column,validation/Citi/transactions.csv.gz::src_prev_amount_mean,PASS,0,
missing values by column,validation/Citi/transactions.csv.gz::dst_prev_txn_count,PASS,0,
missing values by column,validation/Citi/transactions.csv.gz::dst_prev_amount_sum,PASS,0,
missing values by column,validation/Citi/transactions.csv.gz::dst_prev_amount_mean,PASS,0,
column dtype,validation/Citi/transactions.csv.gz::txn_id,PASS,int64,
column dtype,validation/Citi/transactions.csv.gz::timestamp,PASS,str,
column dtype,validation/Citi/transactions.csv.gz::Transaction_Date,PASS,str,
column dtype,validation/Citi/transactions.csv.gz::Transaction_Time,PASS,str,
column dtype,validation/Citi/transactions.csv.gz::src_id,PASS,int64,
column dtype,validation/Citi/transactions.csv.gz::dst_id,PASS,int64,
column dtype,validation/Citi/transactions.csv.gz::src_bank_id,PASS,str,
column dtype,validation/Citi/transactions.csv.gz::dst_bank_id,PASS,str,
column dtype,validation/Citi/transactions.csv.gz::Transaction_Day_of_Week,PASS,str,
column dtype,validation/Citi/transactions.csv.gz::amount,PASS,float64,
column dtype,validation/Citi/transactions.csv.gz::currency,PASS,str,
column dtype,validation/Citi/transactions.csv.gz::Amount_Received,PASS,float64,
column dtype,validation/Citi/transactions.csv.gz::Receiving_Currency,PASS,str,
column dtype,validation/Citi/transactions.csv.gz::payment_format,PASS,str,
column dtype,validation/Citi/transactions.csv.gz::From_Initial_Balance,PASS,float64,
column dtype,validation/Citi/transactions.csv.gz::To_Initial_Balance,PASS,float64,
column dtype,validation/Citi/transactions.csv.gz::Sufficient_Funds,PASS,int64,
column dtype,validation/Citi/transactions.csv.gz::Overdraft_Okay,PASS,int64,
column dtype,validation/Citi/transactions.csv.gz::Is_All_Cash,PASS,int64,
column dtype,validation/Citi/transactions.csv.gz::Is_Hold,PASS,int64,
column dtype,validation/Citi/transactions.csv.gz::transaction_type_model_safe,PASS,str,
column dtype,validation/Citi/transactions.csv.gz::src_prev_txn_count,PASS,int64,
column dtype,validation/Citi/transactions.csv.gz::src_prev_amount_sum,PASS,float64,
column dtype,validation/Citi/transactions.csv.gz::src_prev_amount_mean,PASS,float64,
column dtype,validation/Citi/transactions.csv.gz::dst_prev_txn_count,PASS,int64,
column dtype,validation/Citi/transactions.csv.gz::dst_prev_amount_sum,PASS,float64,
column dtype,validation/Citi/transactions.csv.gz::dst_prev_amount_mean,PASS,float64,
row count,validation/Citi/ground_truth.csv.gz,PASS,18836,
duplicate rows,validation/Citi/ground_truth.csv.gz,PASS,0,
missing values by column,validation/Citi/ground_truth.csv.gz::txn_id,PASS,0,
missing values by column,validation/Citi/ground_truth.csv.gz::timestamp,PASS,0,
missing values by column,validation/Citi/ground_truth.csv.gz::split,PASS,0,
missing values by column,validation/Citi/ground_truth.csv.gz::y,PASS,0,
column dtype,validation/Citi/ground_truth.csv.gz::txn_id,PASS,int64,
column dtype,validation/Citi/ground_truth.csv.gz::timestamp,PASS,str,
column dtype,validation/Citi/ground_truth.csv.gz::split,PASS,str,
column dtype,validation/Citi/ground_truth.csv.gz::y,PASS,int64,
row count,validation/Citi/edge_list.csv.gz,PASS,18836,
duplicate rows,validation/Citi/edge_list.csv.gz,PASS,0,
missing values by column,validation/Citi/edge_list.csv.gz::txn_id,PASS,0,
missing values by column,validation/Citi/edge_list.csv.gz::src_node,PASS,0,
missing values by column,validation/Citi/edge_list.csv.gz::dst_node,PASS,0,
missing values by column,validation/Citi/edge_list.csv.gz::timestamp,PASS,0,
missing values by column,validation/Citi/edge_list.csv.gz::amount,PASS,0,
missing values by column,validation/Citi/edge_list.csv.gz::currency,PASS,0,
missing values by column,validation/Citi/edge_list.csv.gz::Amount_Received,PASS,0,
missing values by column,validation/Citi/edge_list.csv.gz::Receiving_Currency,PASS,0,
missing values by column,validation/Citi/edge_list.csv.gz::payment_format,PASS,0,
missing values by column,validation/Citi/edge_list.csv.gz::transaction_type_model_safe,PASS,0,
column dtype,validation/Citi/edge_list.csv.gz::txn_id,PASS,int64,
column dtype,validation/Citi/edge_list.csv.gz::src_node,PASS,int64,
column dtype,validation/Citi/edge_list.csv.gz::dst_node,PASS,int64,
column dtype,validation/Citi/edge_list.csv.gz::timestamp,PASS,str,
column dtype,validation/Citi/edge_list.csv.gz::amount,PASS,float64,
column dtype,validation/Citi/edge_list.csv.gz::currency,PASS,str,
column dtype,validation/Citi/edge_list.csv.gz::Amount_Received,PASS,float64,
column dtype,validation/Citi/edge_list.csv.gz::Receiving_Currency,PASS,str,
column dtype,validation/Citi/edge_list.csv.gz::payment_format,PASS,str,
column dtype,validation/Citi/edge_list.csv.gz::transaction_type_model_safe,PASS,str,
row count,validation/Citi/node_map.csv.gz,PASS,7825,
duplicate rows,validation/Citi/node_map.csv.gz,PASS,0,
missing values by column,validation/Citi/node_map.csv.gz::account_id,PASS,0,
missing values by column,validation/Citi/node_map.csv.gz::node_id,PASS,0,
column dtype,validation/Citi/node_map.csv.gz::account_id,PASS,int64,
column dtype,validation/Citi/node_map.csv.gz::node_id,PASS,int64,
row count,validation/Citi/node_features.csv.gz,PASS,7825,
duplicate rows,validation/Citi/node_features.csv.gz,PASS,0,
missing values by column,validation/Citi/node_features.csv.gz::node_id,PASS,0,
missing values by column,validation/Citi/node_features.csv.gz::Account_Country,PASS,0,
missing values by column,validation/Citi/node_features.csv.gz::Account_Currency,PASS,0,
missing values by column,validation/Citi/node_features.csv.gz::Entity_Type,PASS,0,
missing values by column,validation/Citi/node_features.csv.gz::Does_Account_Have_Debit_Card,PASS,0,
missing values by column,validation/Citi/node_features.csv.gz::DebitCard_Index_in_EntityCards,PASS,0,
missing values by column,validation/Citi/node_features.csv.gz::MCC,PASS,0,
missing values by column,validation/Citi/node_features.csv.gz::Account_Type,PASS,0,
missing values by column,validation/Citi/node_features.csv.gz::Max_Overdraft,PASS,0,
missing values by column,validation/Citi/node_features.csv.gz::account_kind,PASS,0,
missing values by column,validation/Citi/node_features.csv.gz::hist_sent_count,PASS,0,
missing values by column,validation/Citi/node_features.csv.gz::hist_sent_amount_sum,PASS,0,
missing values by column,validation/Citi/node_features.csv.gz::hist_recv_count,PASS,0,
missing values by column,validation/Citi/node_features.csv.gz::hist_recv_amount_sum,PASS,0,
missing values by column,validation/Citi/node_features.csv.gz::hist_out_degree,PASS,0,
missing values by column,validation/Citi/node_features.csv.gz::hist_in_degree,PASS,0,
column dtype,validation/Citi/node_features.csv.gz::node_id,PASS,int64,
column dtype,validation/Citi/node_features.csv.gz::Account_Country,PASS,str,
column dtype,validation/Citi/node_features.csv.gz::Account_Currency,PASS,str,
column dtype,validation/Citi/node_features.csv.gz::Entity_Type,PASS,str,
column dtype,validation/Citi/node_features.csv.gz::Does_Account_Have_Debit_Card,PASS,float64,
column dtype,validation/Citi/node_features.csv.gz::DebitCard_Index_in_EntityCards,PASS,float64,
column dtype,validation/Citi/node_features.csv.gz::MCC,PASS,float64,
column dtype,validation/Citi/node_features.csv.gz::Account_Type,PASS,str,
column dtype,validation/Citi/node_features.csv.gz::Max_Overdraft,PASS,float64,
column dtype,validation/Citi/node_features.csv.gz::account_kind,PASS,str,
column dtype,validation/Citi/node_features.csv.gz::hist_sent_count,PASS,float64,
column dtype,validation/Citi/node_features.csv.gz::hist_sent_amount_sum,PASS,float64,
column dtype,validation/Citi/node_features.csv.gz::hist_recv_count,PASS,float64,
column dtype,validation/Citi/node_features.csv.gz::hist_recv_amount_sum,PASS,float64,
column dtype,validation/Citi/node_features.csv.gz::hist_out_degree,PASS,float64,
column dtype,validation/Citi/node_features.csv.gz::hist_in_degree,PASS,float64,
duplicate txn_id values,validation/Citi/transactions.csv.gz,PASS,0,
duplicate txn_id values,validation/Citi/ground_truth.csv.gz,PASS,0,
invalid or unparseable timestamps,validation/Citi/ground_truth.csv.gz,PASS,0,
timestamps outside expected period,validation/Citi/ground_truth.csv.gz,PASS,0,
zero amounts,validation/Citi/transactions.csv.gz,PASS,0,
negative amounts,validation/Citi/transactions.csv.gz,PASS,0,
extreme amount max,validation/Citi/transactions.csv.gz,PASS,4249302.51,
invalid labels,validation/Citi/ground_truth.csv.gz,PASS,0,
class imbalance,validation/Citi/ground_truth.csv.gz,WARNING,"{""0"": 18806, ""1"": 30}",fraud_rate=0.001593
unique source accounts,validation/Citi/transactions.csv.gz,PASS,3474,
unique destination accounts,validation/Citi/transactions.csv.gz,PASS,4582,
unknown account references,validation/Citi,PASS,0,
invalid bank values,validation/Citi/transactions.csv.gz,PASS,1,
inconsistent currencies,validation/Citi/transactions.csv.gz,WARNING,"CNY,EUR,USD",
constant columns,validation/Citi/transactions.csv.gz::src_bank_id,WARNING,1,
constant columns,validation/Citi/transactions.csv.gz::Sufficient_Funds,WARNING,1,
constant columns,validation/Citi/transactions.csv.gz::Overdraft_Okay,WARNING,1,
constant columns,validation/Citi/transactions.csv.gz::Is_All_Cash,WARNING,1,
graph nodes missing from node maps,validation/Citi/edge_list.csv.gz,PASS,0,
duplicate graph edges,validation/Citi/edge_list.csv.gz,PASS,0,
disconnected or isolated nodes,validation/Citi,PASS,0,
graph endpoint node features,validation/Citi,PASS,7825,
transactions match labels,validation/Citi,PASS,0,
core file exists,validation/Fifth_Third_Bancorp/transactions.csv.gz,PASS,True,
core file exists,validation/Fifth_Third_Bancorp/ground_truth.csv.gz,PASS,True,
core file exists,validation/Fifth_Third_Bancorp/edge_list.csv.gz,PASS,True,
core file exists,validation/Fifth_Third_Bancorp/node_map.csv.gz,PASS,True,
core file exists,validation/Fifth_Third_Bancorp/node_features.csv.gz,PASS,True,
row count,validation/Fifth_Third_Bancorp/transactions.csv.gz,PASS,17789,
duplicate rows,validation/Fifth_Third_Bancorp/transactions.csv.gz,PASS,0,
missing values by column,validation/Fifth_Third_Bancorp/transactions.csv.gz::txn_id,PASS,0,
missing values by column,validation/Fifth_Third_Bancorp/transactions.csv.gz::timestamp,PASS,0,
missing values by column,validation/Fifth_Third_Bancorp/transactions.csv.gz::Transaction_Date,PASS,0,
missing values by column,validation/Fifth_Third_Bancorp/transactions.csv.gz::Transaction_Time,PASS,0,
missing values by column,validation/Fifth_Third_Bancorp/transactions.csv.gz::src_id,PASS,0,
missing values by column,validation/Fifth_Third_Bancorp/transactions.csv.gz::dst_id,PASS,0,
missing values by column,validation/Fifth_Third_Bancorp/transactions.csv.gz::src_bank_id,PASS,0,
missing values by column,validation/Fifth_Third_Bancorp/transactions.csv.gz::dst_bank_id,PASS,0,
missing values by column,validation/Fifth_Third_Bancorp/transactions.csv.gz::Transaction_Day_of_Week,PASS,0,
missing values by column,validation/Fifth_Third_Bancorp/transactions.csv.gz::amount,PASS,0,
missing values by column,validation/Fifth_Third_Bancorp/transactions.csv.gz::currency,PASS,0,
missing values by column,validation/Fifth_Third_Bancorp/transactions.csv.gz::Amount_Received,PASS,0,
missing values by column,validation/Fifth_Third_Bancorp/transactions.csv.gz::Receiving_Currency,PASS,0,
missing values by column,validation/Fifth_Third_Bancorp/transactions.csv.gz::payment_format,PASS,0,
missing values by column,validation/Fifth_Third_Bancorp/transactions.csv.gz::From_Initial_Balance,PASS,0,
missing values by column,validation/Fifth_Third_Bancorp/transactions.csv.gz::To_Initial_Balance,PASS,0,
missing values by column,validation/Fifth_Third_Bancorp/transactions.csv.gz::Sufficient_Funds,PASS,0,
missing values by column,validation/Fifth_Third_Bancorp/transactions.csv.gz::Overdraft_Okay,PASS,0,
missing values by column,validation/Fifth_Third_Bancorp/transactions.csv.gz::Is_All_Cash,PASS,0,
missing values by column,validation/Fifth_Third_Bancorp/transactions.csv.gz::Is_Hold,PASS,0,
missing values by column,validation/Fifth_Third_Bancorp/transactions.csv.gz::transaction_type_model_safe,PASS,0,
missing values by column,validation/Fifth_Third_Bancorp/transactions.csv.gz::src_prev_txn_count,PASS,0,
missing values by column,validation/Fifth_Third_Bancorp/transactions.csv.gz::src_prev_amount_sum,PASS,0,
missing values by column,validation/Fifth_Third_Bancorp/transactions.csv.gz::src_prev_amount_mean,PASS,0,
missing values by column,validation/Fifth_Third_Bancorp/transactions.csv.gz::dst_prev_txn_count,PASS,0,
missing values by column,validation/Fifth_Third_Bancorp/transactions.csv.gz::dst_prev_amount_sum,PASS,0,
missing values by column,validation/Fifth_Third_Bancorp/transactions.csv.gz::dst_prev_amount_mean,PASS,0,
column dtype,validation/Fifth_Third_Bancorp/transactions.csv.gz::txn_id,PASS,int64,
column dtype,validation/Fifth_Third_Bancorp/transactions.csv.gz::timestamp,PASS,str,
column dtype,validation/Fifth_Third_Bancorp/transactions.csv.gz::Transaction_Date,PASS,str,
column dtype,validation/Fifth_Third_Bancorp/transactions.csv.gz::Transaction_Time,PASS,str,
column dtype,validation/Fifth_Third_Bancorp/transactions.csv.gz::src_id,PASS,int64,
column dtype,validation/Fifth_Third_Bancorp/transactions.csv.gz::dst_id,PASS,int64,
column dtype,validation/Fifth_Third_Bancorp/transactions.csv.gz::src_bank_id,PASS,str,
column dtype,validation/Fifth_Third_Bancorp/transactions.csv.gz::dst_bank_id,PASS,str,
column dtype,validation/Fifth_Third_Bancorp/transactions.csv.gz::Transaction_Day_of_Week,PASS,str,
column dtype,validation/Fifth_Third_Bancorp/transactions.csv.gz::amount,PASS,float64,
column dtype,validation/Fifth_Third_Bancorp/transactions.csv.gz::currency,PASS,str,
column dtype,validation/Fifth_Third_Bancorp/transactions.csv.gz::Amount_Received,PASS,float64,
column dtype,validation/Fifth_Third_Bancorp/transactions.csv.gz::Receiving_Currency,PASS,str,
column dtype,validation/Fifth_Third_Bancorp/transactions.csv.gz::payment_format,PASS,str,
column dtype,validation/Fifth_Third_Bancorp/transactions.csv.gz::From_Initial_Balance,PASS,float64,
column dtype,validation/Fifth_Third_Bancorp/transactions.csv.gz::To_Initial_Balance,PASS,float64,
column dtype,validation/Fifth_Third_Bancorp/transactions.csv.gz::Sufficient_Funds,PASS,int64,
column dtype,validation/Fifth_Third_Bancorp/transactions.csv.gz::Overdraft_Okay,PASS,int64,
column dtype,validation/Fifth_Third_Bancorp/transactions.csv.gz::Is_All_Cash,PASS,int64,
column dtype,validation/Fifth_Third_Bancorp/transactions.csv.gz::Is_Hold,PASS,int64,
column dtype,validation/Fifth_Third_Bancorp/transactions.csv.gz::transaction_type_model_safe,PASS,str,
column dtype,validation/Fifth_Third_Bancorp/transactions.csv.gz::src_prev_txn_count,PASS,int64,
column dtype,validation/Fifth_Third_Bancorp/transactions.csv.gz::src_prev_amount_sum,PASS,float64,
column dtype,validation/Fifth_Third_Bancorp/transactions.csv.gz::src_prev_amount_mean,PASS,float64,
column dtype,validation/Fifth_Third_Bancorp/transactions.csv.gz::dst_prev_txn_count,PASS,int64,
column dtype,validation/Fifth_Third_Bancorp/transactions.csv.gz::dst_prev_amount_sum,PASS,float64,
column dtype,validation/Fifth_Third_Bancorp/transactions.csv.gz::dst_prev_amount_mean,PASS,float64,
row count,validation/Fifth_Third_Bancorp/ground_truth.csv.gz,PASS,17789,
duplicate rows,validation/Fifth_Third_Bancorp/ground_truth.csv.gz,PASS,0,
missing values by column,validation/Fifth_Third_Bancorp/ground_truth.csv.gz::txn_id,PASS,0,
missing values by column,validation/Fifth_Third_Bancorp/ground_truth.csv.gz::timestamp,PASS,0,
missing values by column,validation/Fifth_Third_Bancorp/ground_truth.csv.gz::split,PASS,0,
missing values by column,validation/Fifth_Third_Bancorp/ground_truth.csv.gz::y,PASS,0,
column dtype,validation/Fifth_Third_Bancorp/ground_truth.csv.gz::txn_id,PASS,int64,
column dtype,validation/Fifth_Third_Bancorp/ground_truth.csv.gz::timestamp,PASS,str,
column dtype,validation/Fifth_Third_Bancorp/ground_truth.csv.gz::split,PASS,str,
column dtype,validation/Fifth_Third_Bancorp/ground_truth.csv.gz::y,PASS,int64,
row count,validation/Fifth_Third_Bancorp/edge_list.csv.gz,PASS,17789,
duplicate rows,validation/Fifth_Third_Bancorp/edge_list.csv.gz,PASS,0,
missing values by column,validation/Fifth_Third_Bancorp/edge_list.csv.gz::txn_id,PASS,0,
missing values by column,validation/Fifth_Third_Bancorp/edge_list.csv.gz::src_node,PASS,0,
missing values by column,validation/Fifth_Third_Bancorp/edge_list.csv.gz::dst_node,PASS,0,
missing values by column,validation/Fifth_Third_Bancorp/edge_list.csv.gz::timestamp,PASS,0,
missing values by column,validation/Fifth_Third_Bancorp/edge_list.csv.gz::amount,PASS,0,
missing values by column,validation/Fifth_Third_Bancorp/edge_list.csv.gz::currency,PASS,0,
missing values by column,validation/Fifth_Third_Bancorp/edge_list.csv.gz::Amount_Received,PASS,0,
missing values by column,validation/Fifth_Third_Bancorp/edge_list.csv.gz::Receiving_Currency,PASS,0,
missing values by column,validation/Fifth_Third_Bancorp/edge_list.csv.gz::payment_format,PASS,0,
missing values by column,validation/Fifth_Third_Bancorp/edge_list.csv.gz::transaction_type_model_safe,PASS,0,
column dtype,validation/Fifth_Third_Bancorp/edge_list.csv.gz::txn_id,PASS,int64,
column dtype,validation/Fifth_Third_Bancorp/edge_list.csv.gz::src_node,PASS,int64,
column dtype,validation/Fifth_Third_Bancorp/edge_list.csv.gz::dst_node,PASS,int64,
column dtype,validation/Fifth_Third_Bancorp/edge_list.csv.gz::timestamp,PASS,str,
column dtype,validation/Fifth_Third_Bancorp/edge_list.csv.gz::amount,PASS,float64,
column dtype,validation/Fifth_Third_Bancorp/edge_list.csv.gz::currency,PASS,str,
column dtype,validation/Fifth_Third_Bancorp/edge_list.csv.gz::Amount_Received,PASS,float64,
column dtype,validation/Fifth_Third_Bancorp/edge_list.csv.gz::Receiving_Currency,PASS,str,
column dtype,validation/Fifth_Third_Bancorp/edge_list.csv.gz::payment_format,PASS,str,
column dtype,validation/Fifth_Third_Bancorp/edge_list.csv.gz::transaction_type_model_safe,PASS,str,
row count,validation/Fifth_Third_Bancorp/node_map.csv.gz,PASS,6989,
duplicate rows,validation/Fifth_Third_Bancorp/node_map.csv.gz,PASS,0,
missing values by column,validation/Fifth_Third_Bancorp/node_map.csv.gz::account_id,PASS,0,
missing values by column,validation/Fifth_Third_Bancorp/node_map.csv.gz::node_id,PASS,0,
column dtype,validation/Fifth_Third_Bancorp/node_map.csv.gz::account_id,PASS,int64,
column dtype,validation/Fifth_Third_Bancorp/node_map.csv.gz::node_id,PASS,int64,
row count,validation/Fifth_Third_Bancorp/node_features.csv.gz,PASS,6989,
duplicate rows,validation/Fifth_Third_Bancorp/node_features.csv.gz,PASS,0,
missing values by column,validation/Fifth_Third_Bancorp/node_features.csv.gz::node_id,PASS,0,
missing values by column,validation/Fifth_Third_Bancorp/node_features.csv.gz::Account_Country,PASS,0,
missing values by column,validation/Fifth_Third_Bancorp/node_features.csv.gz::Account_Currency,PASS,0,
missing values by column,validation/Fifth_Third_Bancorp/node_features.csv.gz::Entity_Type,PASS,0,
missing values by column,validation/Fifth_Third_Bancorp/node_features.csv.gz::Does_Account_Have_Debit_Card,PASS,0,
missing values by column,validation/Fifth_Third_Bancorp/node_features.csv.gz::DebitCard_Index_in_EntityCards,PASS,0,
missing values by column,validation/Fifth_Third_Bancorp/node_features.csv.gz::MCC,PASS,0,
missing values by column,validation/Fifth_Third_Bancorp/node_features.csv.gz::Account_Type,PASS,0,
missing values by column,validation/Fifth_Third_Bancorp/node_features.csv.gz::Max_Overdraft,PASS,0,
missing values by column,validation/Fifth_Third_Bancorp/node_features.csv.gz::account_kind,PASS,0,
missing values by column,validation/Fifth_Third_Bancorp/node_features.csv.gz::hist_sent_count,PASS,0,
missing values by column,validation/Fifth_Third_Bancorp/node_features.csv.gz::hist_sent_amount_sum,PASS,0,
missing values by column,validation/Fifth_Third_Bancorp/node_features.csv.gz::hist_recv_count,PASS,0,
missing values by column,validation/Fifth_Third_Bancorp/node_features.csv.gz::hist_recv_amount_sum,PASS,0,
missing values by column,validation/Fifth_Third_Bancorp/node_features.csv.gz::hist_out_degree,PASS,0,
missing values by column,validation/Fifth_Third_Bancorp/node_features.csv.gz::hist_in_degree,PASS,0,
column dtype,validation/Fifth_Third_Bancorp/node_features.csv.gz::node_id,PASS,int64,
column dtype,validation/Fifth_Third_Bancorp/node_features.csv.gz::Account_Country,PASS,str,
column dtype,validation/Fifth_Third_Bancorp/node_features.csv.gz::Account_Currency,PASS,str,
column dtype,validation/Fifth_Third_Bancorp/node_features.csv.gz::Entity_Type,PASS,str,
column dtype,validation/Fifth_Third_Bancorp/node_features.csv.gz::Does_Account_Have_Debit_Card,PASS,float64,
column dtype,validation/Fifth_Third_Bancorp/node_features.csv.gz::DebitCard_Index_in_EntityCards,PASS,float64,
column dtype,validation/Fifth_Third_Bancorp/node_features.csv.gz::MCC,PASS,float64,
column dtype,validation/Fifth_Third_Bancorp/node_features.csv.gz::Account_Type,PASS,str,
column dtype,validation/Fifth_Third_Bancorp/node_features.csv.gz::Max_Overdraft,PASS,float64,
column dtype,validation/Fifth_Third_Bancorp/node_features.csv.gz::account_kind,PASS,str,
column dtype,validation/Fifth_Third_Bancorp/node_features.csv.gz::hist_sent_count,PASS,float64,
column dtype,validation/Fifth_Third_Bancorp/node_features.csv.gz::hist_sent_amount_sum,PASS,float64,
column dtype,validation/Fifth_Third_Bancorp/node_features.csv.gz::hist_recv_count,PASS,float64,
column dtype,validation/Fifth_Third_Bancorp/node_features.csv.gz::hist_recv_amount_sum,PASS,float64,
column dtype,validation/Fifth_Third_Bancorp/node_features.csv.gz::hist_out_degree,PASS,float64,
column dtype,validation/Fifth_Third_Bancorp/node_features.csv.gz::hist_in_degree,PASS,float64,
duplicate txn_id values,validation/Fifth_Third_Bancorp/transactions.csv.gz,PASS,0,
duplicate txn_id values,validation/Fifth_Third_Bancorp/ground_truth.csv.gz,PASS,0,
invalid or unparseable timestamps,validation/Fifth_Third_Bancorp/ground_truth.csv.gz,PASS,0,
timestamps outside expected period,validation/Fifth_Third_Bancorp/ground_truth.csv.gz,PASS,0,
zero amounts,validation/Fifth_Third_Bancorp/transactions.csv.gz,PASS,0,
negative amounts,validation/Fifth_Third_Bancorp/transactions.csv.gz,PASS,0,
extreme amount max,validation/Fifth_Third_Bancorp/transactions.csv.gz,PASS,26418793.33,
invalid labels,validation/Fifth_Third_Bancorp/ground_truth.csv.gz,PASS,0,
class imbalance,validation/Fifth_Third_Bancorp/ground_truth.csv.gz,WARNING,"{""0"": 17753, ""1"": 36}",fraud_rate=0.002024
unique source accounts,validation/Fifth_Third_Bancorp/transactions.csv.gz,PASS,2000,
unique destination accounts,validation/Fifth_Third_Bancorp/transactions.csv.gz,PASS,5096,
unknown account references,validation/Fifth_Third_Bancorp,PASS,0,
invalid bank values,validation/Fifth_Third_Bancorp/transactions.csv.gz,PASS,1,
inconsistent currencies,validation/Fifth_Third_Bancorp/transactions.csv.gz,PASS,USD,
constant columns,validation/Fifth_Third_Bancorp/transactions.csv.gz::src_bank_id,WARNING,1,
constant columns,validation/Fifth_Third_Bancorp/transactions.csv.gz::currency,WARNING,1,
constant columns,validation/Fifth_Third_Bancorp/transactions.csv.gz::Receiving_Currency,WARNING,1,
constant columns,validation/Fifth_Third_Bancorp/transactions.csv.gz::Sufficient_Funds,WARNING,1,
constant columns,validation/Fifth_Third_Bancorp/transactions.csv.gz::Overdraft_Okay,WARNING,1,
constant columns,validation/Fifth_Third_Bancorp/transactions.csv.gz::Is_All_Cash,WARNING,1,
graph nodes missing from node maps,validation/Fifth_Third_Bancorp/edge_list.csv.gz,PASS,0,
duplicate graph edges,validation/Fifth_Third_Bancorp/edge_list.csv.gz,PASS,0,
disconnected or isolated nodes,validation/Fifth_Third_Bancorp,PASS,0,
graph endpoint node features,validation/Fifth_Third_Bancorp,PASS,6989,
transactions match labels,validation/Fifth_Third_Bancorp,PASS,0,
core file exists,validation/Key_Bank/transactions.csv.gz,PASS,True,
core file exists,validation/Key_Bank/ground_truth.csv.gz,PASS,True,
core file exists,validation/Key_Bank/edge_list.csv.gz,PASS,True,
core file exists,validation/Key_Bank/node_map.csv.gz,PASS,True,
core file exists,validation/Key_Bank/node_features.csv.gz,PASS,True,
row count,validation/Key_Bank/transactions.csv.gz,PASS,11418,
duplicate rows,validation/Key_Bank/transactions.csv.gz,PASS,0,
missing values by column,validation/Key_Bank/transactions.csv.gz::txn_id,PASS,0,
missing values by column,validation/Key_Bank/transactions.csv.gz::timestamp,PASS,0,
missing values by column,validation/Key_Bank/transactions.csv.gz::Transaction_Date,PASS,0,
missing values by column,validation/Key_Bank/transactions.csv.gz::Transaction_Time,PASS,0,
missing values by column,validation/Key_Bank/transactions.csv.gz::src_id,PASS,0,
missing values by column,validation/Key_Bank/transactions.csv.gz::dst_id,PASS,0,
missing values by column,validation/Key_Bank/transactions.csv.gz::src_bank_id,PASS,0,
missing values by column,validation/Key_Bank/transactions.csv.gz::dst_bank_id,PASS,0,
missing values by column,validation/Key_Bank/transactions.csv.gz::Transaction_Day_of_Week,PASS,0,
missing values by column,validation/Key_Bank/transactions.csv.gz::amount,PASS,0,
missing values by column,validation/Key_Bank/transactions.csv.gz::currency,PASS,0,
missing values by column,validation/Key_Bank/transactions.csv.gz::Amount_Received,PASS,0,
missing values by column,validation/Key_Bank/transactions.csv.gz::Receiving_Currency,PASS,0,
missing values by column,validation/Key_Bank/transactions.csv.gz::payment_format,PASS,0,
missing values by column,validation/Key_Bank/transactions.csv.gz::From_Initial_Balance,PASS,0,
missing values by column,validation/Key_Bank/transactions.csv.gz::To_Initial_Balance,PASS,0,
missing values by column,validation/Key_Bank/transactions.csv.gz::Sufficient_Funds,PASS,0,
missing values by column,validation/Key_Bank/transactions.csv.gz::Overdraft_Okay,PASS,0,
missing values by column,validation/Key_Bank/transactions.csv.gz::Is_All_Cash,PASS,0,
missing values by column,validation/Key_Bank/transactions.csv.gz::Is_Hold,PASS,0,
missing values by column,validation/Key_Bank/transactions.csv.gz::transaction_type_model_safe,PASS,0,
missing values by column,validation/Key_Bank/transactions.csv.gz::src_prev_txn_count,PASS,0,
missing values by column,validation/Key_Bank/transactions.csv.gz::src_prev_amount_sum,PASS,0,
missing values by column,validation/Key_Bank/transactions.csv.gz::src_prev_amount_mean,PASS,0,
missing values by column,validation/Key_Bank/transactions.csv.gz::dst_prev_txn_count,PASS,0,
missing values by column,validation/Key_Bank/transactions.csv.gz::dst_prev_amount_sum,PASS,0,
missing values by column,validation/Key_Bank/transactions.csv.gz::dst_prev_amount_mean,PASS,0,
column dtype,validation/Key_Bank/transactions.csv.gz::txn_id,PASS,int64,
column dtype,validation/Key_Bank/transactions.csv.gz::timestamp,PASS,str,
column dtype,validation/Key_Bank/transactions.csv.gz::Transaction_Date,PASS,str,
column dtype,validation/Key_Bank/transactions.csv.gz::Transaction_Time,PASS,str,
column dtype,validation/Key_Bank/transactions.csv.gz::src_id,PASS,int64,
column dtype,validation/Key_Bank/transactions.csv.gz::dst_id,PASS,int64,
column dtype,validation/Key_Bank/transactions.csv.gz::src_bank_id,PASS,str,
column dtype,validation/Key_Bank/transactions.csv.gz::dst_bank_id,PASS,str,
column dtype,validation/Key_Bank/transactions.csv.gz::Transaction_Day_of_Week,PASS,str,
column dtype,validation/Key_Bank/transactions.csv.gz::amount,PASS,float64,
column dtype,validation/Key_Bank/transactions.csv.gz::currency,PASS,str,
column dtype,validation/Key_Bank/transactions.csv.gz::Amount_Received,PASS,float64,
column dtype,validation/Key_Bank/transactions.csv.gz::Receiving_Currency,PASS,str,
column dtype,validation/Key_Bank/transactions.csv.gz::payment_format,PASS,str,
column dtype,validation/Key_Bank/transactions.csv.gz::From_Initial_Balance,PASS,float64,
column dtype,validation/Key_Bank/transactions.csv.gz::To_Initial_Balance,PASS,float64,
column dtype,validation/Key_Bank/transactions.csv.gz::Sufficient_Funds,PASS,int64,
column dtype,validation/Key_Bank/transactions.csv.gz::Overdraft_Okay,PASS,int64,
column dtype,validation/Key_Bank/transactions.csv.gz::Is_All_Cash,PASS,int64,
column dtype,validation/Key_Bank/transactions.csv.gz::Is_Hold,PASS,int64,
column dtype,validation/Key_Bank/transactions.csv.gz::transaction_type_model_safe,PASS,str,
column dtype,validation/Key_Bank/transactions.csv.gz::src_prev_txn_count,PASS,int64,
column dtype,validation/Key_Bank/transactions.csv.gz::src_prev_amount_sum,PASS,float64,
column dtype,validation/Key_Bank/transactions.csv.gz::src_prev_amount_mean,PASS,float64,
column dtype,validation/Key_Bank/transactions.csv.gz::dst_prev_txn_count,PASS,int64,
column dtype,validation/Key_Bank/transactions.csv.gz::dst_prev_amount_sum,PASS,float64,
column dtype,validation/Key_Bank/transactions.csv.gz::dst_prev_amount_mean,PASS,float64,
row count,validation/Key_Bank/ground_truth.csv.gz,PASS,11418,
duplicate rows,validation/Key_Bank/ground_truth.csv.gz,PASS,0,
missing values by column,validation/Key_Bank/ground_truth.csv.gz::txn_id,PASS,0,
missing values by column,validation/Key_Bank/ground_truth.csv.gz::timestamp,PASS,0,
missing values by column,validation/Key_Bank/ground_truth.csv.gz::split,PASS,0,
missing values by column,validation/Key_Bank/ground_truth.csv.gz::y,PASS,0,
column dtype,validation/Key_Bank/ground_truth.csv.gz::txn_id,PASS,int64,
column dtype,validation/Key_Bank/ground_truth.csv.gz::timestamp,PASS,str,
column dtype,validation/Key_Bank/ground_truth.csv.gz::split,PASS,str,
column dtype,validation/Key_Bank/ground_truth.csv.gz::y,PASS,int64,
row count,validation/Key_Bank/edge_list.csv.gz,PASS,11418,
duplicate rows,validation/Key_Bank/edge_list.csv.gz,PASS,0,
missing values by column,validation/Key_Bank/edge_list.csv.gz::txn_id,PASS,0,
missing values by column,validation/Key_Bank/edge_list.csv.gz::src_node,PASS,0,
missing values by column,validation/Key_Bank/edge_list.csv.gz::dst_node,PASS,0,
missing values by column,validation/Key_Bank/edge_list.csv.gz::timestamp,PASS,0,
missing values by column,validation/Key_Bank/edge_list.csv.gz::amount,PASS,0,
missing values by column,validation/Key_Bank/edge_list.csv.gz::currency,PASS,0,
missing values by column,validation/Key_Bank/edge_list.csv.gz::Amount_Received,PASS,0,
missing values by column,validation/Key_Bank/edge_list.csv.gz::Receiving_Currency,PASS,0,
missing values by column,validation/Key_Bank/edge_list.csv.gz::payment_format,PASS,0,
missing values by column,validation/Key_Bank/edge_list.csv.gz::transaction_type_model_safe,PASS,0,
column dtype,validation/Key_Bank/edge_list.csv.gz::txn_id,PASS,int64,
column dtype,validation/Key_Bank/edge_list.csv.gz::src_node,PASS,int64,
column dtype,validation/Key_Bank/edge_list.csv.gz::dst_node,PASS,int64,
column dtype,validation/Key_Bank/edge_list.csv.gz::timestamp,PASS,str,
column dtype,validation/Key_Bank/edge_list.csv.gz::amount,PASS,float64,
column dtype,validation/Key_Bank/edge_list.csv.gz::currency,PASS,str,
column dtype,validation/Key_Bank/edge_list.csv.gz::Amount_Received,PASS,float64,
column dtype,validation/Key_Bank/edge_list.csv.gz::Receiving_Currency,PASS,str,
column dtype,validation/Key_Bank/edge_list.csv.gz::payment_format,PASS,str,
column dtype,validation/Key_Bank/edge_list.csv.gz::transaction_type_model_safe,PASS,str,
row count,validation/Key_Bank/node_map.csv.gz,PASS,4756,
duplicate rows,validation/Key_Bank/node_map.csv.gz,PASS,0,
missing values by column,validation/Key_Bank/node_map.csv.gz::account_id,PASS,0,
missing values by column,validation/Key_Bank/node_map.csv.gz::node_id,PASS,0,
column dtype,validation/Key_Bank/node_map.csv.gz::account_id,PASS,int64,
column dtype,validation/Key_Bank/node_map.csv.gz::node_id,PASS,int64,
row count,validation/Key_Bank/node_features.csv.gz,PASS,4756,
duplicate rows,validation/Key_Bank/node_features.csv.gz,PASS,0,
missing values by column,validation/Key_Bank/node_features.csv.gz::node_id,PASS,0,
missing values by column,validation/Key_Bank/node_features.csv.gz::Account_Country,PASS,0,
missing values by column,validation/Key_Bank/node_features.csv.gz::Account_Currency,PASS,0,
missing values by column,validation/Key_Bank/node_features.csv.gz::Entity_Type,PASS,0,
missing values by column,validation/Key_Bank/node_features.csv.gz::Does_Account_Have_Debit_Card,PASS,0,
missing values by column,validation/Key_Bank/node_features.csv.gz::DebitCard_Index_in_EntityCards,PASS,0,
missing values by column,validation/Key_Bank/node_features.csv.gz::MCC,PASS,0,
missing values by column,validation/Key_Bank/node_features.csv.gz::Account_Type,PASS,0,
missing values by column,validation/Key_Bank/node_features.csv.gz::Max_Overdraft,PASS,0,
missing values by column,validation/Key_Bank/node_features.csv.gz::account_kind,PASS,0,
missing values by column,validation/Key_Bank/node_features.csv.gz::hist_sent_count,PASS,0,
missing values by column,validation/Key_Bank/node_features.csv.gz::hist_sent_amount_sum,PASS,0,
missing values by column,validation/Key_Bank/node_features.csv.gz::hist_recv_count,PASS,0,
missing values by column,validation/Key_Bank/node_features.csv.gz::hist_recv_amount_sum,PASS,0,
missing values by column,validation/Key_Bank/node_features.csv.gz::hist_out_degree,PASS,0,
missing values by column,validation/Key_Bank/node_features.csv.gz::hist_in_degree,PASS,0,
column dtype,validation/Key_Bank/node_features.csv.gz::node_id,PASS,int64,
column dtype,validation/Key_Bank/node_features.csv.gz::Account_Country,PASS,str,
column dtype,validation/Key_Bank/node_features.csv.gz::Account_Currency,PASS,str,
column dtype,validation/Key_Bank/node_features.csv.gz::Entity_Type,PASS,str,
column dtype,validation/Key_Bank/node_features.csv.gz::Does_Account_Have_Debit_Card,PASS,float64,
column dtype,validation/Key_Bank/node_features.csv.gz::DebitCard_Index_in_EntityCards,PASS,float64,
column dtype,validation/Key_Bank/node_features.csv.gz::MCC,PASS,float64,
column dtype,validation/Key_Bank/node_features.csv.gz::Account_Type,PASS,str,
column dtype,validation/Key_Bank/node_features.csv.gz::Max_Overdraft,PASS,float64,
column dtype,validation/Key_Bank/node_features.csv.gz::account_kind,PASS,str,
column dtype,validation/Key_Bank/node_features.csv.gz::hist_sent_count,PASS,float64,
column dtype,validation/Key_Bank/node_features.csv.gz::hist_sent_amount_sum,PASS,float64,
column dtype,validation/Key_Bank/node_features.csv.gz::hist_recv_count,PASS,float64,
column dtype,validation/Key_Bank/node_features.csv.gz::hist_recv_amount_sum,PASS,float64,
column dtype,validation/Key_Bank/node_features.csv.gz::hist_out_degree,PASS,float64,
column dtype,validation/Key_Bank/node_features.csv.gz::hist_in_degree,PASS,float64,
duplicate txn_id values,validation/Key_Bank/transactions.csv.gz,PASS,0,
duplicate txn_id values,validation/Key_Bank/ground_truth.csv.gz,PASS,0,
invalid or unparseable timestamps,validation/Key_Bank/ground_truth.csv.gz,PASS,0,
timestamps outside expected period,validation/Key_Bank/ground_truth.csv.gz,PASS,0,
zero amounts,validation/Key_Bank/transactions.csv.gz,PASS,0,
negative amounts,validation/Key_Bank/transactions.csv.gz,PASS,0,
extreme amount max,validation/Key_Bank/transactions.csv.gz,PASS,8626566.37,
invalid labels,validation/Key_Bank/ground_truth.csv.gz,PASS,0,
class imbalance,validation/Key_Bank/ground_truth.csv.gz,WARNING,"{""0"": 11397, ""1"": 21}",fraud_rate=0.001839
unique source accounts,validation/Key_Bank/transactions.csv.gz,PASS,1980,
unique destination accounts,validation/Key_Bank/transactions.csv.gz,PASS,2841,
unknown account references,validation/Key_Bank,PASS,0,
invalid bank values,validation/Key_Bank/transactions.csv.gz,PASS,1,
inconsistent currencies,validation/Key_Bank/transactions.csv.gz,PASS,USD,
constant columns,validation/Key_Bank/transactions.csv.gz::src_bank_id,WARNING,1,
constant columns,validation/Key_Bank/transactions.csv.gz::currency,WARNING,1,
constant columns,validation/Key_Bank/transactions.csv.gz::Receiving_Currency,WARNING,1,
constant columns,validation/Key_Bank/transactions.csv.gz::Overdraft_Okay,WARNING,1,
constant columns,validation/Key_Bank/transactions.csv.gz::Is_All_Cash,WARNING,1,
graph nodes missing from node maps,validation/Key_Bank/edge_list.csv.gz,PASS,0,
duplicate graph edges,validation/Key_Bank/edge_list.csv.gz,PASS,0,
disconnected or isolated nodes,validation/Key_Bank,PASS,0,
graph endpoint node features,validation/Key_Bank,PASS,4756,
transactions match labels,validation/Key_Bank,PASS,0,
core file exists,testing/JPMorgan_Chase/transactions.csv.gz,PASS,True,
core file exists,testing/JPMorgan_Chase/ground_truth.csv.gz,PASS,True,
core file exists,testing/JPMorgan_Chase/edge_list.csv.gz,PASS,True,
core file exists,testing/JPMorgan_Chase/node_map.csv.gz,PASS,True,
core file exists,testing/JPMorgan_Chase/node_features.csv.gz,PASS,True,
row count,testing/JPMorgan_Chase/transactions.csv.gz,PASS,62302,
duplicate rows,testing/JPMorgan_Chase/transactions.csv.gz,PASS,0,
missing values by column,testing/JPMorgan_Chase/transactions.csv.gz::txn_id,PASS,0,
missing values by column,testing/JPMorgan_Chase/transactions.csv.gz::timestamp,PASS,0,
missing values by column,testing/JPMorgan_Chase/transactions.csv.gz::Transaction_Date,PASS,0,
missing values by column,testing/JPMorgan_Chase/transactions.csv.gz::Transaction_Time,PASS,0,
missing values by column,testing/JPMorgan_Chase/transactions.csv.gz::src_id,PASS,0,
missing values by column,testing/JPMorgan_Chase/transactions.csv.gz::dst_id,PASS,0,
missing values by column,testing/JPMorgan_Chase/transactions.csv.gz::src_bank_id,PASS,0,
missing values by column,testing/JPMorgan_Chase/transactions.csv.gz::dst_bank_id,PASS,0,
missing values by column,testing/JPMorgan_Chase/transactions.csv.gz::Transaction_Day_of_Week,PASS,0,
missing values by column,testing/JPMorgan_Chase/transactions.csv.gz::amount,PASS,0,
missing values by column,testing/JPMorgan_Chase/transactions.csv.gz::currency,PASS,0,
missing values by column,testing/JPMorgan_Chase/transactions.csv.gz::Amount_Received,PASS,0,
missing values by column,testing/JPMorgan_Chase/transactions.csv.gz::Receiving_Currency,PASS,0,
missing values by column,testing/JPMorgan_Chase/transactions.csv.gz::payment_format,PASS,0,
missing values by column,testing/JPMorgan_Chase/transactions.csv.gz::From_Initial_Balance,PASS,0,
missing values by column,testing/JPMorgan_Chase/transactions.csv.gz::To_Initial_Balance,PASS,0,
missing values by column,testing/JPMorgan_Chase/transactions.csv.gz::Sufficient_Funds,PASS,0,
missing values by column,testing/JPMorgan_Chase/transactions.csv.gz::Overdraft_Okay,PASS,0,
missing values by column,testing/JPMorgan_Chase/transactions.csv.gz::Is_All_Cash,PASS,0,
missing values by column,testing/JPMorgan_Chase/transactions.csv.gz::Is_Hold,PASS,0,
missing values by column,testing/JPMorgan_Chase/transactions.csv.gz::transaction_type_model_safe,PASS,0,
missing values by column,testing/JPMorgan_Chase/transactions.csv.gz::src_prev_txn_count,PASS,0,
missing values by column,testing/JPMorgan_Chase/transactions.csv.gz::src_prev_amount_sum,PASS,0,
missing values by column,testing/JPMorgan_Chase/transactions.csv.gz::src_prev_amount_mean,PASS,0,
missing values by column,testing/JPMorgan_Chase/transactions.csv.gz::dst_prev_txn_count,PASS,0,
missing values by column,testing/JPMorgan_Chase/transactions.csv.gz::dst_prev_amount_sum,PASS,0,
missing values by column,testing/JPMorgan_Chase/transactions.csv.gz::dst_prev_amount_mean,PASS,0,
column dtype,testing/JPMorgan_Chase/transactions.csv.gz::txn_id,PASS,int64,
column dtype,testing/JPMorgan_Chase/transactions.csv.gz::timestamp,PASS,str,
column dtype,testing/JPMorgan_Chase/transactions.csv.gz::Transaction_Date,PASS,str,
column dtype,testing/JPMorgan_Chase/transactions.csv.gz::Transaction_Time,PASS,str,
column dtype,testing/JPMorgan_Chase/transactions.csv.gz::src_id,PASS,int64,
column dtype,testing/JPMorgan_Chase/transactions.csv.gz::dst_id,PASS,int64,
column dtype,testing/JPMorgan_Chase/transactions.csv.gz::src_bank_id,PASS,str,
column dtype,testing/JPMorgan_Chase/transactions.csv.gz::dst_bank_id,PASS,str,
column dtype,testing/JPMorgan_Chase/transactions.csv.gz::Transaction_Day_of_Week,PASS,str,
column dtype,testing/JPMorgan_Chase/transactions.csv.gz::amount,PASS,float64,
column dtype,testing/JPMorgan_Chase/transactions.csv.gz::currency,PASS,str,
column dtype,testing/JPMorgan_Chase/transactions.csv.gz::Amount_Received,PASS,float64,
column dtype,testing/JPMorgan_Chase/transactions.csv.gz::Receiving_Currency,PASS,str,
column dtype,testing/JPMorgan_Chase/transactions.csv.gz::payment_format,PASS,str,
column dtype,testing/JPMorgan_Chase/transactions.csv.gz::From_Initial_Balance,PASS,float64,
column dtype,testing/JPMorgan_Chase/transactions.csv.gz::To_Initial_Balance,PASS,float64,
column dtype,testing/JPMorgan_Chase/transactions.csv.gz::Sufficient_Funds,PASS,int64,
column dtype,testing/JPMorgan_Chase/transactions.csv.gz::Overdraft_Okay,PASS,int64,
column dtype,testing/JPMorgan_Chase/transactions.csv.gz::Is_All_Cash,PASS,int64,
column dtype,testing/JPMorgan_Chase/transactions.csv.gz::Is_Hold,PASS,int64,
column dtype,testing/JPMorgan_Chase/transactions.csv.gz::transaction_type_model_safe,PASS,str,
column dtype,testing/JPMorgan_Chase/transactions.csv.gz::src_prev_txn_count,PASS,int64,
column dtype,testing/JPMorgan_Chase/transactions.csv.gz::src_prev_amount_sum,PASS,float64,
column dtype,testing/JPMorgan_Chase/transactions.csv.gz::src_prev_amount_mean,PASS,float64,
column dtype,testing/JPMorgan_Chase/transactions.csv.gz::dst_prev_txn_count,PASS,int64,
column dtype,testing/JPMorgan_Chase/transactions.csv.gz::dst_prev_amount_sum,PASS,float64,
column dtype,testing/JPMorgan_Chase/transactions.csv.gz::dst_prev_amount_mean,PASS,float64,
row count,testing/JPMorgan_Chase/ground_truth.csv.gz,PASS,62302,
duplicate rows,testing/JPMorgan_Chase/ground_truth.csv.gz,PASS,0,
missing values by column,testing/JPMorgan_Chase/ground_truth.csv.gz::txn_id,PASS,0,
missing values by column,testing/JPMorgan_Chase/ground_truth.csv.gz::timestamp,PASS,0,
missing values by column,testing/JPMorgan_Chase/ground_truth.csv.gz::split,PASS,0,
missing values by column,testing/JPMorgan_Chase/ground_truth.csv.gz::y,PASS,0,
column dtype,testing/JPMorgan_Chase/ground_truth.csv.gz::txn_id,PASS,int64,
column dtype,testing/JPMorgan_Chase/ground_truth.csv.gz::timestamp,PASS,str,
column dtype,testing/JPMorgan_Chase/ground_truth.csv.gz::split,PASS,str,
column dtype,testing/JPMorgan_Chase/ground_truth.csv.gz::y,PASS,int64,
row count,testing/JPMorgan_Chase/edge_list.csv.gz,PASS,62302,
duplicate rows,testing/JPMorgan_Chase/edge_list.csv.gz,PASS,0,
missing values by column,testing/JPMorgan_Chase/edge_list.csv.gz::txn_id,PASS,0,
missing values by column,testing/JPMorgan_Chase/edge_list.csv.gz::src_node,PASS,0,
missing values by column,testing/JPMorgan_Chase/edge_list.csv.gz::dst_node,PASS,0,
missing values by column,testing/JPMorgan_Chase/edge_list.csv.gz::timestamp,PASS,0,
missing values by column,testing/JPMorgan_Chase/edge_list.csv.gz::amount,PASS,0,
missing values by column,testing/JPMorgan_Chase/edge_list.csv.gz::currency,PASS,0,
missing values by column,testing/JPMorgan_Chase/edge_list.csv.gz::Amount_Received,PASS,0,
missing values by column,testing/JPMorgan_Chase/edge_list.csv.gz::Receiving_Currency,PASS,0,
missing values by column,testing/JPMorgan_Chase/edge_list.csv.gz::payment_format,PASS,0,
missing values by column,testing/JPMorgan_Chase/edge_list.csv.gz::transaction_type_model_safe,PASS,0,
column dtype,testing/JPMorgan_Chase/edge_list.csv.gz::txn_id,PASS,int64,
column dtype,testing/JPMorgan_Chase/edge_list.csv.gz::src_node,PASS,int64,
column dtype,testing/JPMorgan_Chase/edge_list.csv.gz::dst_node,PASS,int64,
column dtype,testing/JPMorgan_Chase/edge_list.csv.gz::timestamp,PASS,str,
column dtype,testing/JPMorgan_Chase/edge_list.csv.gz::amount,PASS,float64,
column dtype,testing/JPMorgan_Chase/edge_list.csv.gz::currency,PASS,str,
column dtype,testing/JPMorgan_Chase/edge_list.csv.gz::Amount_Received,PASS,float64,
column dtype,testing/JPMorgan_Chase/edge_list.csv.gz::Receiving_Currency,PASS,str,
column dtype,testing/JPMorgan_Chase/edge_list.csv.gz::payment_format,PASS,str,
column dtype,testing/JPMorgan_Chase/edge_list.csv.gz::transaction_type_model_safe,PASS,str,
row count,testing/JPMorgan_Chase/node_map.csv.gz,PASS,23124,
duplicate rows,testing/JPMorgan_Chase/node_map.csv.gz,PASS,0,
missing values by column,testing/JPMorgan_Chase/node_map.csv.gz::account_id,PASS,0,
missing values by column,testing/JPMorgan_Chase/node_map.csv.gz::node_id,PASS,0,
column dtype,testing/JPMorgan_Chase/node_map.csv.gz::account_id,PASS,int64,
column dtype,testing/JPMorgan_Chase/node_map.csv.gz::node_id,PASS,int64,
row count,testing/JPMorgan_Chase/node_features.csv.gz,PASS,23124,
duplicate rows,testing/JPMorgan_Chase/node_features.csv.gz,PASS,0,
missing values by column,testing/JPMorgan_Chase/node_features.csv.gz::node_id,PASS,0,
missing values by column,testing/JPMorgan_Chase/node_features.csv.gz::Account_Country,PASS,0,
missing values by column,testing/JPMorgan_Chase/node_features.csv.gz::Account_Currency,PASS,0,
missing values by column,testing/JPMorgan_Chase/node_features.csv.gz::Entity_Type,PASS,0,
missing values by column,testing/JPMorgan_Chase/node_features.csv.gz::Does_Account_Have_Debit_Card,PASS,0,
missing values by column,testing/JPMorgan_Chase/node_features.csv.gz::DebitCard_Index_in_EntityCards,PASS,0,
missing values by column,testing/JPMorgan_Chase/node_features.csv.gz::MCC,PASS,0,
missing values by column,testing/JPMorgan_Chase/node_features.csv.gz::Account_Type,PASS,0,
missing values by column,testing/JPMorgan_Chase/node_features.csv.gz::Max_Overdraft,PASS,0,
missing values by column,testing/JPMorgan_Chase/node_features.csv.gz::account_kind,PASS,0,
missing values by column,testing/JPMorgan_Chase/node_features.csv.gz::hist_sent_count,PASS,0,
missing values by column,testing/JPMorgan_Chase/node_features.csv.gz::hist_sent_amount_sum,PASS,0,
missing values by column,testing/JPMorgan_Chase/node_features.csv.gz::hist_recv_count,PASS,0,
missing values by column,testing/JPMorgan_Chase/node_features.csv.gz::hist_recv_amount_sum,PASS,0,
missing values by column,testing/JPMorgan_Chase/node_features.csv.gz::hist_out_degree,PASS,0,
missing values by column,testing/JPMorgan_Chase/node_features.csv.gz::hist_in_degree,PASS,0,
column dtype,testing/JPMorgan_Chase/node_features.csv.gz::node_id,PASS,int64,
column dtype,testing/JPMorgan_Chase/node_features.csv.gz::Account_Country,PASS,str,
column dtype,testing/JPMorgan_Chase/node_features.csv.gz::Account_Currency,PASS,str,
column dtype,testing/JPMorgan_Chase/node_features.csv.gz::Entity_Type,PASS,str,
column dtype,testing/JPMorgan_Chase/node_features.csv.gz::Does_Account_Have_Debit_Card,PASS,float64,
column dtype,testing/JPMorgan_Chase/node_features.csv.gz::DebitCard_Index_in_EntityCards,PASS,float64,
column dtype,testing/JPMorgan_Chase/node_features.csv.gz::MCC,PASS,float64,
column dtype,testing/JPMorgan_Chase/node_features.csv.gz::Account_Type,PASS,str,
column dtype,testing/JPMorgan_Chase/node_features.csv.gz::Max_Overdraft,PASS,float64,
column dtype,testing/JPMorgan_Chase/node_features.csv.gz::account_kind,PASS,str,
column dtype,testing/JPMorgan_Chase/node_features.csv.gz::hist_sent_count,PASS,float64,
column dtype,testing/JPMorgan_Chase/node_features.csv.gz::hist_sent_amount_sum,PASS,float64,
column dtype,testing/JPMorgan_Chase/node_features.csv.gz::hist_recv_count,PASS,float64,
column dtype,testing/JPMorgan_Chase/node_features.csv.gz::hist_recv_amount_sum,PASS,float64,
column dtype,testing/JPMorgan_Chase/node_features.csv.gz::hist_out_degree,PASS,float64,
column dtype,testing/JPMorgan_Chase/node_features.csv.gz::hist_in_degree,PASS,float64,
duplicate txn_id values,testing/JPMorgan_Chase/transactions.csv.gz,PASS,0,
duplicate txn_id values,testing/JPMorgan_Chase/ground_truth.csv.gz,PASS,0,
invalid or unparseable timestamps,testing/JPMorgan_Chase/ground_truth.csv.gz,PASS,0,
timestamps outside expected period,testing/JPMorgan_Chase/ground_truth.csv.gz,PASS,0,
zero amounts,testing/JPMorgan_Chase/transactions.csv.gz,PASS,0,
negative amounts,testing/JPMorgan_Chase/transactions.csv.gz,PASS,0,
extreme amount max,testing/JPMorgan_Chase/transactions.csv.gz,PASS,13141923.27,
invalid labels,testing/JPMorgan_Chase/ground_truth.csv.gz,PASS,0,
class imbalance,testing/JPMorgan_Chase/ground_truth.csv.gz,WARNING,"{""0"": 62283, ""1"": 19}",fraud_rate=0.000305
unique source accounts,testing/JPMorgan_Chase/transactions.csv.gz,PASS,7969,
unique destination accounts,testing/JPMorgan_Chase/transactions.csv.gz,PASS,16401,
unknown account references,testing/JPMorgan_Chase,PASS,0,
invalid bank values,testing/JPMorgan_Chase/transactions.csv.gz,PASS,1,
inconsistent currencies,testing/JPMorgan_Chase/transactions.csv.gz,WARNING,"CNY,EUR,GBP,JPY,KRW,USD",
constant columns,testing/JPMorgan_Chase/transactions.csv.gz::src_bank_id,WARNING,1,
constant columns,testing/JPMorgan_Chase/transactions.csv.gz::Sufficient_Funds,WARNING,1,
constant columns,testing/JPMorgan_Chase/transactions.csv.gz::Overdraft_Okay,WARNING,1,
constant columns,testing/JPMorgan_Chase/transactions.csv.gz::Is_All_Cash,WARNING,1,
graph nodes missing from node maps,testing/JPMorgan_Chase/edge_list.csv.gz,PASS,0,
duplicate graph edges,testing/JPMorgan_Chase/edge_list.csv.gz,PASS,0,
disconnected or isolated nodes,testing/JPMorgan_Chase,PASS,0,
graph endpoint node features,testing/JPMorgan_Chase,PASS,23124,
transactions match labels,testing/JPMorgan_Chase,PASS,0,
core file exists,testing/Wells_Fargo/transactions.csv.gz,PASS,True,
core file exists,testing/Wells_Fargo/ground_truth.csv.gz,PASS,True,
core file exists,testing/Wells_Fargo/edge_list.csv.gz,PASS,True,
core file exists,testing/Wells_Fargo/node_map.csv.gz,PASS,True,
core file exists,testing/Wells_Fargo/node_features.csv.gz,PASS,True,
row count,testing/Wells_Fargo/transactions.csv.gz,PASS,24964,
duplicate rows,testing/Wells_Fargo/transactions.csv.gz,PASS,0,
missing values by column,testing/Wells_Fargo/transactions.csv.gz::txn_id,PASS,0,
missing values by column,testing/Wells_Fargo/transactions.csv.gz::timestamp,PASS,0,
missing values by column,testing/Wells_Fargo/transactions.csv.gz::Transaction_Date,PASS,0,
missing values by column,testing/Wells_Fargo/transactions.csv.gz::Transaction_Time,PASS,0,
missing values by column,testing/Wells_Fargo/transactions.csv.gz::src_id,PASS,0,
missing values by column,testing/Wells_Fargo/transactions.csv.gz::dst_id,PASS,0,
missing values by column,testing/Wells_Fargo/transactions.csv.gz::src_bank_id,PASS,0,
missing values by column,testing/Wells_Fargo/transactions.csv.gz::dst_bank_id,PASS,0,
missing values by column,testing/Wells_Fargo/transactions.csv.gz::Transaction_Day_of_Week,PASS,0,
missing values by column,testing/Wells_Fargo/transactions.csv.gz::amount,PASS,0,
missing values by column,testing/Wells_Fargo/transactions.csv.gz::currency,PASS,0,
missing values by column,testing/Wells_Fargo/transactions.csv.gz::Amount_Received,PASS,0,
missing values by column,testing/Wells_Fargo/transactions.csv.gz::Receiving_Currency,PASS,0,
missing values by column,testing/Wells_Fargo/transactions.csv.gz::payment_format,PASS,0,
missing values by column,testing/Wells_Fargo/transactions.csv.gz::From_Initial_Balance,PASS,0,
missing values by column,testing/Wells_Fargo/transactions.csv.gz::To_Initial_Balance,PASS,0,
missing values by column,testing/Wells_Fargo/transactions.csv.gz::Sufficient_Funds,PASS,0,
missing values by column,testing/Wells_Fargo/transactions.csv.gz::Overdraft_Okay,PASS,0,
missing values by column,testing/Wells_Fargo/transactions.csv.gz::Is_All_Cash,PASS,0,
missing values by column,testing/Wells_Fargo/transactions.csv.gz::Is_Hold,PASS,0,
missing values by column,testing/Wells_Fargo/transactions.csv.gz::transaction_type_model_safe,PASS,0,
missing values by column,testing/Wells_Fargo/transactions.csv.gz::src_prev_txn_count,PASS,0,
missing values by column,testing/Wells_Fargo/transactions.csv.gz::src_prev_amount_sum,PASS,0,
missing values by column,testing/Wells_Fargo/transactions.csv.gz::src_prev_amount_mean,PASS,0,
missing values by column,testing/Wells_Fargo/transactions.csv.gz::dst_prev_txn_count,PASS,0,
missing values by column,testing/Wells_Fargo/transactions.csv.gz::dst_prev_amount_sum,PASS,0,
missing values by column,testing/Wells_Fargo/transactions.csv.gz::dst_prev_amount_mean,PASS,0,
column dtype,testing/Wells_Fargo/transactions.csv.gz::txn_id,PASS,int64,
column dtype,testing/Wells_Fargo/transactions.csv.gz::timestamp,PASS,str,
column dtype,testing/Wells_Fargo/transactions.csv.gz::Transaction_Date,PASS,str,
column dtype,testing/Wells_Fargo/transactions.csv.gz::Transaction_Time,PASS,str,
column dtype,testing/Wells_Fargo/transactions.csv.gz::src_id,PASS,int64,
column dtype,testing/Wells_Fargo/transactions.csv.gz::dst_id,PASS,int64,
column dtype,testing/Wells_Fargo/transactions.csv.gz::src_bank_id,PASS,str,
column dtype,testing/Wells_Fargo/transactions.csv.gz::dst_bank_id,PASS,str,
column dtype,testing/Wells_Fargo/transactions.csv.gz::Transaction_Day_of_Week,PASS,str,
column dtype,testing/Wells_Fargo/transactions.csv.gz::amount,PASS,float64,
column dtype,testing/Wells_Fargo/transactions.csv.gz::currency,PASS,str,
column dtype,testing/Wells_Fargo/transactions.csv.gz::Amount_Received,PASS,float64,
column dtype,testing/Wells_Fargo/transactions.csv.gz::Receiving_Currency,PASS,str,
column dtype,testing/Wells_Fargo/transactions.csv.gz::payment_format,PASS,str,
column dtype,testing/Wells_Fargo/transactions.csv.gz::From_Initial_Balance,PASS,float64,
column dtype,testing/Wells_Fargo/transactions.csv.gz::To_Initial_Balance,PASS,float64,
column dtype,testing/Wells_Fargo/transactions.csv.gz::Sufficient_Funds,PASS,int64,
column dtype,testing/Wells_Fargo/transactions.csv.gz::Overdraft_Okay,PASS,int64,
column dtype,testing/Wells_Fargo/transactions.csv.gz::Is_All_Cash,PASS,int64,
column dtype,testing/Wells_Fargo/transactions.csv.gz::Is_Hold,PASS,int64,
column dtype,testing/Wells_Fargo/transactions.csv.gz::transaction_type_model_safe,PASS,str,
column dtype,testing/Wells_Fargo/transactions.csv.gz::src_prev_txn_count,PASS,int64,
column dtype,testing/Wells_Fargo/transactions.csv.gz::src_prev_amount_sum,PASS,float64,
column dtype,testing/Wells_Fargo/transactions.csv.gz::src_prev_amount_mean,PASS,float64,
column dtype,testing/Wells_Fargo/transactions.csv.gz::dst_prev_txn_count,PASS,int64,
column dtype,testing/Wells_Fargo/transactions.csv.gz::dst_prev_amount_sum,PASS,float64,
column dtype,testing/Wells_Fargo/transactions.csv.gz::dst_prev_amount_mean,PASS,float64,
row count,testing/Wells_Fargo/ground_truth.csv.gz,PASS,24964,
duplicate rows,testing/Wells_Fargo/ground_truth.csv.gz,PASS,0,
missing values by column,testing/Wells_Fargo/ground_truth.csv.gz::txn_id,PASS,0,
missing values by column,testing/Wells_Fargo/ground_truth.csv.gz::timestamp,PASS,0,
missing values by column,testing/Wells_Fargo/ground_truth.csv.gz::split,PASS,0,
missing values by column,testing/Wells_Fargo/ground_truth.csv.gz::y,PASS,0,
column dtype,testing/Wells_Fargo/ground_truth.csv.gz::txn_id,PASS,int64,
column dtype,testing/Wells_Fargo/ground_truth.csv.gz::timestamp,PASS,str,
column dtype,testing/Wells_Fargo/ground_truth.csv.gz::split,PASS,str,
column dtype,testing/Wells_Fargo/ground_truth.csv.gz::y,PASS,int64,
row count,testing/Wells_Fargo/edge_list.csv.gz,PASS,24964,
duplicate rows,testing/Wells_Fargo/edge_list.csv.gz,PASS,0,
missing values by column,testing/Wells_Fargo/edge_list.csv.gz::txn_id,PASS,0,
missing values by column,testing/Wells_Fargo/edge_list.csv.gz::src_node,PASS,0,
missing values by column,testing/Wells_Fargo/edge_list.csv.gz::dst_node,PASS,0,
missing values by column,testing/Wells_Fargo/edge_list.csv.gz::timestamp,PASS,0,
missing values by column,testing/Wells_Fargo/edge_list.csv.gz::amount,PASS,0,
missing values by column,testing/Wells_Fargo/edge_list.csv.gz::currency,PASS,0,
missing values by column,testing/Wells_Fargo/edge_list.csv.gz::Amount_Received,PASS,0,
missing values by column,testing/Wells_Fargo/edge_list.csv.gz::Receiving_Currency,PASS,0,
missing values by column,testing/Wells_Fargo/edge_list.csv.gz::payment_format,PASS,0,
missing values by column,testing/Wells_Fargo/edge_list.csv.gz::transaction_type_model_safe,PASS,0,
column dtype,testing/Wells_Fargo/edge_list.csv.gz::txn_id,PASS,int64,
column dtype,testing/Wells_Fargo/edge_list.csv.gz::src_node,PASS,int64,
column dtype,testing/Wells_Fargo/edge_list.csv.gz::dst_node,PASS,int64,
column dtype,testing/Wells_Fargo/edge_list.csv.gz::timestamp,PASS,str,
column dtype,testing/Wells_Fargo/edge_list.csv.gz::amount,PASS,float64,
column dtype,testing/Wells_Fargo/edge_list.csv.gz::currency,PASS,str,
column dtype,testing/Wells_Fargo/edge_list.csv.gz::Amount_Received,PASS,float64,
column dtype,testing/Wells_Fargo/edge_list.csv.gz::Receiving_Currency,PASS,str,
column dtype,testing/Wells_Fargo/edge_list.csv.gz::payment_format,PASS,str,
column dtype,testing/Wells_Fargo/edge_list.csv.gz::transaction_type_model_safe,PASS,str,
row count,testing/Wells_Fargo/node_map.csv.gz,PASS,10460,
duplicate rows,testing/Wells_Fargo/node_map.csv.gz,PASS,0,
missing values by column,testing/Wells_Fargo/node_map.csv.gz::account_id,PASS,0,
missing values by column,testing/Wells_Fargo/node_map.csv.gz::node_id,PASS,0,
column dtype,testing/Wells_Fargo/node_map.csv.gz::account_id,PASS,int64,
column dtype,testing/Wells_Fargo/node_map.csv.gz::node_id,PASS,int64,
row count,testing/Wells_Fargo/node_features.csv.gz,PASS,10460,
duplicate rows,testing/Wells_Fargo/node_features.csv.gz,PASS,0,
missing values by column,testing/Wells_Fargo/node_features.csv.gz::node_id,PASS,0,
missing values by column,testing/Wells_Fargo/node_features.csv.gz::Account_Country,PASS,0,
missing values by column,testing/Wells_Fargo/node_features.csv.gz::Account_Currency,PASS,0,
missing values by column,testing/Wells_Fargo/node_features.csv.gz::Entity_Type,PASS,0,
missing values by column,testing/Wells_Fargo/node_features.csv.gz::Does_Account_Have_Debit_Card,PASS,0,
missing values by column,testing/Wells_Fargo/node_features.csv.gz::DebitCard_Index_in_EntityCards,PASS,0,
missing values by column,testing/Wells_Fargo/node_features.csv.gz::MCC,PASS,0,
missing values by column,testing/Wells_Fargo/node_features.csv.gz::Account_Type,PASS,0,
missing values by column,testing/Wells_Fargo/node_features.csv.gz::Max_Overdraft,PASS,0,
missing values by column,testing/Wells_Fargo/node_features.csv.gz::account_kind,PASS,0,
missing values by column,testing/Wells_Fargo/node_features.csv.gz::hist_sent_count,PASS,0,
missing values by column,testing/Wells_Fargo/node_features.csv.gz::hist_sent_amount_sum,PASS,0,
missing values by column,testing/Wells_Fargo/node_features.csv.gz::hist_recv_count,PASS,0,
missing values by column,testing/Wells_Fargo/node_features.csv.gz::hist_recv_amount_sum,PASS,0,
missing values by column,testing/Wells_Fargo/node_features.csv.gz::hist_out_degree,PASS,0,
missing values by column,testing/Wells_Fargo/node_features.csv.gz::hist_in_degree,PASS,0,
column dtype,testing/Wells_Fargo/node_features.csv.gz::node_id,PASS,int64,
column dtype,testing/Wells_Fargo/node_features.csv.gz::Account_Country,PASS,str,
column dtype,testing/Wells_Fargo/node_features.csv.gz::Account_Currency,PASS,str,
column dtype,testing/Wells_Fargo/node_features.csv.gz::Entity_Type,PASS,str,
column dtype,testing/Wells_Fargo/node_features.csv.gz::Does_Account_Have_Debit_Card,PASS,float64,
column dtype,testing/Wells_Fargo/node_features.csv.gz::DebitCard_Index_in_EntityCards,PASS,float64,
column dtype,testing/Wells_Fargo/node_features.csv.gz::MCC,PASS,float64,
column dtype,testing/Wells_Fargo/node_features.csv.gz::Account_Type,PASS,str,
column dtype,testing/Wells_Fargo/node_features.csv.gz::Max_Overdraft,PASS,float64,
column dtype,testing/Wells_Fargo/node_features.csv.gz::account_kind,PASS,str,
column dtype,testing/Wells_Fargo/node_features.csv.gz::hist_sent_count,PASS,float64,
column dtype,testing/Wells_Fargo/node_features.csv.gz::hist_sent_amount_sum,PASS,float64,
column dtype,testing/Wells_Fargo/node_features.csv.gz::hist_recv_count,PASS,float64,
column dtype,testing/Wells_Fargo/node_features.csv.gz::hist_recv_amount_sum,PASS,float64,
column dtype,testing/Wells_Fargo/node_features.csv.gz::hist_out_degree,PASS,float64,
column dtype,testing/Wells_Fargo/node_features.csv.gz::hist_in_degree,PASS,float64,
duplicate txn_id values,testing/Wells_Fargo/transactions.csv.gz,PASS,0,
duplicate txn_id values,testing/Wells_Fargo/ground_truth.csv.gz,PASS,0,
invalid or unparseable timestamps,testing/Wells_Fargo/ground_truth.csv.gz,PASS,0,
timestamps outside expected period,testing/Wells_Fargo/ground_truth.csv.gz,PASS,0,
zero amounts,testing/Wells_Fargo/transactions.csv.gz,PASS,0,
negative amounts,testing/Wells_Fargo/transactions.csv.gz,PASS,0,
extreme amount max,testing/Wells_Fargo/transactions.csv.gz,PASS,2802278.57,
invalid labels,testing/Wells_Fargo/ground_truth.csv.gz,PASS,0,
class imbalance,testing/Wells_Fargo/ground_truth.csv.gz,WARNING,"{""0"": 24940, ""1"": 24}",fraud_rate=0.000961
unique source accounts,testing/Wells_Fargo/transactions.csv.gz,PASS,3967,
unique destination accounts,testing/Wells_Fargo/transactions.csv.gz,PASS,6816,
unknown account references,testing/Wells_Fargo,PASS,0,
invalid bank values,testing/Wells_Fargo/transactions.csv.gz,PASS,1,
inconsistent currencies,testing/Wells_Fargo/transactions.csv.gz,PASS,USD,
constant columns,testing/Wells_Fargo/transactions.csv.gz::src_bank_id,WARNING,1,
constant columns,testing/Wells_Fargo/transactions.csv.gz::currency,WARNING,1,
constant columns,testing/Wells_Fargo/transactions.csv.gz::Receiving_Currency,WARNING,1,
constant columns,testing/Wells_Fargo/transactions.csv.gz::Overdraft_Okay,WARNING,1,
constant columns,testing/Wells_Fargo/transactions.csv.gz::Is_All_Cash,WARNING,1,
graph nodes missing from node maps,testing/Wells_Fargo/edge_list.csv.gz,PASS,0,
duplicate graph edges,testing/Wells_Fargo/edge_list.csv.gz,PASS,0,
disconnected or isolated nodes,testing/Wells_Fargo,PASS,0,
graph endpoint node features,testing/Wells_Fargo,PASS,10460,
transactions match labels,testing/Wells_Fargo,PASS,0,
core file exists,testing/Citi/transactions.csv.gz,PASS,True,
core file exists,testing/Citi/ground_truth.csv.gz,PASS,True,
core file exists,testing/Citi/edge_list.csv.gz,PASS,True,
core file exists,testing/Citi/node_map.csv.gz,PASS,True,
core file exists,testing/Citi/node_features.csv.gz,PASS,True,
row count,testing/Citi/transactions.csv.gz,PASS,18192,
duplicate rows,testing/Citi/transactions.csv.gz,PASS,0,
missing values by column,testing/Citi/transactions.csv.gz::txn_id,PASS,0,
missing values by column,testing/Citi/transactions.csv.gz::timestamp,PASS,0,
missing values by column,testing/Citi/transactions.csv.gz::Transaction_Date,PASS,0,
missing values by column,testing/Citi/transactions.csv.gz::Transaction_Time,PASS,0,
missing values by column,testing/Citi/transactions.csv.gz::src_id,PASS,0,
missing values by column,testing/Citi/transactions.csv.gz::dst_id,PASS,0,
missing values by column,testing/Citi/transactions.csv.gz::src_bank_id,PASS,0,
missing values by column,testing/Citi/transactions.csv.gz::dst_bank_id,PASS,0,
missing values by column,testing/Citi/transactions.csv.gz::Transaction_Day_of_Week,PASS,0,
missing values by column,testing/Citi/transactions.csv.gz::amount,PASS,0,
missing values by column,testing/Citi/transactions.csv.gz::currency,PASS,0,
missing values by column,testing/Citi/transactions.csv.gz::Amount_Received,PASS,0,
missing values by column,testing/Citi/transactions.csv.gz::Receiving_Currency,PASS,0,
missing values by column,testing/Citi/transactions.csv.gz::payment_format,PASS,0,
missing values by column,testing/Citi/transactions.csv.gz::From_Initial_Balance,PASS,0,
missing values by column,testing/Citi/transactions.csv.gz::To_Initial_Balance,PASS,0,
missing values by column,testing/Citi/transactions.csv.gz::Sufficient_Funds,PASS,0,
missing values by column,testing/Citi/transactions.csv.gz::Overdraft_Okay,PASS,0,
missing values by column,testing/Citi/transactions.csv.gz::Is_All_Cash,PASS,0,
missing values by column,testing/Citi/transactions.csv.gz::Is_Hold,PASS,0,
missing values by column,testing/Citi/transactions.csv.gz::transaction_type_model_safe,PASS,0,
missing values by column,testing/Citi/transactions.csv.gz::src_prev_txn_count,PASS,0,
missing values by column,testing/Citi/transactions.csv.gz::src_prev_amount_sum,PASS,0,
missing values by column,testing/Citi/transactions.csv.gz::src_prev_amount_mean,PASS,0,
missing values by column,testing/Citi/transactions.csv.gz::dst_prev_txn_count,PASS,0,
missing values by column,testing/Citi/transactions.csv.gz::dst_prev_amount_sum,PASS,0,
missing values by column,testing/Citi/transactions.csv.gz::dst_prev_amount_mean,PASS,0,
column dtype,testing/Citi/transactions.csv.gz::txn_id,PASS,int64,
column dtype,testing/Citi/transactions.csv.gz::timestamp,PASS,str,
column dtype,testing/Citi/transactions.csv.gz::Transaction_Date,PASS,str,
column dtype,testing/Citi/transactions.csv.gz::Transaction_Time,PASS,str,
column dtype,testing/Citi/transactions.csv.gz::src_id,PASS,int64,
column dtype,testing/Citi/transactions.csv.gz::dst_id,PASS,int64,
column dtype,testing/Citi/transactions.csv.gz::src_bank_id,PASS,str,
column dtype,testing/Citi/transactions.csv.gz::dst_bank_id,PASS,str,
column dtype,testing/Citi/transactions.csv.gz::Transaction_Day_of_Week,PASS,str,
column dtype,testing/Citi/transactions.csv.gz::amount,PASS,float64,
column dtype,testing/Citi/transactions.csv.gz::currency,PASS,str,
column dtype,testing/Citi/transactions.csv.gz::Amount_Received,PASS,float64,
column dtype,testing/Citi/transactions.csv.gz::Receiving_Currency,PASS,str,
column dtype,testing/Citi/transactions.csv.gz::payment_format,PASS,str,
column dtype,testing/Citi/transactions.csv.gz::From_Initial_Balance,PASS,float64,
column dtype,testing/Citi/transactions.csv.gz::To_Initial_Balance,PASS,float64,
column dtype,testing/Citi/transactions.csv.gz::Sufficient_Funds,PASS,int64,
column dtype,testing/Citi/transactions.csv.gz::Overdraft_Okay,PASS,int64,
column dtype,testing/Citi/transactions.csv.gz::Is_All_Cash,PASS,int64,
column dtype,testing/Citi/transactions.csv.gz::Is_Hold,PASS,int64,
column dtype,testing/Citi/transactions.csv.gz::transaction_type_model_safe,PASS,str,
column dtype,testing/Citi/transactions.csv.gz::src_prev_txn_count,PASS,int64,
column dtype,testing/Citi/transactions.csv.gz::src_prev_amount_sum,PASS,float64,
column dtype,testing/Citi/transactions.csv.gz::src_prev_amount_mean,PASS,float64,
column dtype,testing/Citi/transactions.csv.gz::dst_prev_txn_count,PASS,int64,
column dtype,testing/Citi/transactions.csv.gz::dst_prev_amount_sum,PASS,float64,
column dtype,testing/Citi/transactions.csv.gz::dst_prev_amount_mean,PASS,float64,
row count,testing/Citi/ground_truth.csv.gz,PASS,18192,
duplicate rows,testing/Citi/ground_truth.csv.gz,PASS,0,
missing values by column,testing/Citi/ground_truth.csv.gz::txn_id,PASS,0,
missing values by column,testing/Citi/ground_truth.csv.gz::timestamp,PASS,0,
missing values by column,testing/Citi/ground_truth.csv.gz::split,PASS,0,
missing values by column,testing/Citi/ground_truth.csv.gz::y,PASS,0,
column dtype,testing/Citi/ground_truth.csv.gz::txn_id,PASS,int64,
column dtype,testing/Citi/ground_truth.csv.gz::timestamp,PASS,str,
column dtype,testing/Citi/ground_truth.csv.gz::split,PASS,str,
column dtype,testing/Citi/ground_truth.csv.gz::y,PASS,int64,
row count,testing/Citi/edge_list.csv.gz,PASS,18192,
duplicate rows,testing/Citi/edge_list.csv.gz,PASS,0,
missing values by column,testing/Citi/edge_list.csv.gz::txn_id,PASS,0,
missing values by column,testing/Citi/edge_list.csv.gz::src_node,PASS,0,
missing values by column,testing/Citi/edge_list.csv.gz::dst_node,PASS,0,
missing values by column,testing/Citi/edge_list.csv.gz::timestamp,PASS,0,
missing values by column,testing/Citi/edge_list.csv.gz::amount,PASS,0,
missing values by column,testing/Citi/edge_list.csv.gz::currency,PASS,0,
missing values by column,testing/Citi/edge_list.csv.gz::Amount_Received,PASS,0,
missing values by column,testing/Citi/edge_list.csv.gz::Receiving_Currency,PASS,0,
missing values by column,testing/Citi/edge_list.csv.gz::payment_format,PASS,0,
missing values by column,testing/Citi/edge_list.csv.gz::transaction_type_model_safe,PASS,0,
column dtype,testing/Citi/edge_list.csv.gz::txn_id,PASS,int64,
column dtype,testing/Citi/edge_list.csv.gz::src_node,PASS,int64,
column dtype,testing/Citi/edge_list.csv.gz::dst_node,PASS,int64,
column dtype,testing/Citi/edge_list.csv.gz::timestamp,PASS,str,
column dtype,testing/Citi/edge_list.csv.gz::amount,PASS,float64,
column dtype,testing/Citi/edge_list.csv.gz::currency,PASS,str,
column dtype,testing/Citi/edge_list.csv.gz::Amount_Received,PASS,float64,
column dtype,testing/Citi/edge_list.csv.gz::Receiving_Currency,PASS,str,
column dtype,testing/Citi/edge_list.csv.gz::payment_format,PASS,str,
column dtype,testing/Citi/edge_list.csv.gz::transaction_type_model_safe,PASS,str,
row count,testing/Citi/node_map.csv.gz,PASS,7976,
duplicate rows,testing/Citi/node_map.csv.gz,PASS,0,
missing values by column,testing/Citi/node_map.csv.gz::account_id,PASS,0,
missing values by column,testing/Citi/node_map.csv.gz::node_id,PASS,0,
column dtype,testing/Citi/node_map.csv.gz::account_id,PASS,int64,
column dtype,testing/Citi/node_map.csv.gz::node_id,PASS,int64,
row count,testing/Citi/node_features.csv.gz,PASS,7976,
duplicate rows,testing/Citi/node_features.csv.gz,PASS,0,
missing values by column,testing/Citi/node_features.csv.gz::node_id,PASS,0,
missing values by column,testing/Citi/node_features.csv.gz::Account_Country,PASS,0,
missing values by column,testing/Citi/node_features.csv.gz::Account_Currency,PASS,0,
missing values by column,testing/Citi/node_features.csv.gz::Entity_Type,PASS,0,
missing values by column,testing/Citi/node_features.csv.gz::Does_Account_Have_Debit_Card,PASS,0,
missing values by column,testing/Citi/node_features.csv.gz::DebitCard_Index_in_EntityCards,PASS,0,
missing values by column,testing/Citi/node_features.csv.gz::MCC,PASS,0,
missing values by column,testing/Citi/node_features.csv.gz::Account_Type,PASS,0,
missing values by column,testing/Citi/node_features.csv.gz::Max_Overdraft,PASS,0,
missing values by column,testing/Citi/node_features.csv.gz::account_kind,PASS,0,
missing values by column,testing/Citi/node_features.csv.gz::hist_sent_count,PASS,0,
missing values by column,testing/Citi/node_features.csv.gz::hist_sent_amount_sum,PASS,0,
missing values by column,testing/Citi/node_features.csv.gz::hist_recv_count,PASS,0,
missing values by column,testing/Citi/node_features.csv.gz::hist_recv_amount_sum,PASS,0,
missing values by column,testing/Citi/node_features.csv.gz::hist_out_degree,PASS,0,
missing values by column,testing/Citi/node_features.csv.gz::hist_in_degree,PASS,0,
column dtype,testing/Citi/node_features.csv.gz::node_id,PASS,int64,
column dtype,testing/Citi/node_features.csv.gz::Account_Country,PASS,str,
column dtype,testing/Citi/node_features.csv.gz::Account_Currency,PASS,str,
column dtype,testing/Citi/node_features.csv.gz::Entity_Type,PASS,str,
column dtype,testing/Citi/node_features.csv.gz::Does_Account_Have_Debit_Card,PASS,float64,
column dtype,testing/Citi/node_features.csv.gz::DebitCard_Index_in_EntityCards,PASS,float64,
column dtype,testing/Citi/node_features.csv.gz::MCC,PASS,float64,
column dtype,testing/Citi/node_features.csv.gz::Account_Type,PASS,str,
column dtype,testing/Citi/node_features.csv.gz::Max_Overdraft,PASS,float64,
column dtype,testing/Citi/node_features.csv.gz::account_kind,PASS,str,
column dtype,testing/Citi/node_features.csv.gz::hist_sent_count,PASS,float64,
column dtype,testing/Citi/node_features.csv.gz::hist_sent_amount_sum,PASS,float64,
column dtype,testing/Citi/node_features.csv.gz::hist_recv_count,PASS,float64,
column dtype,testing/Citi/node_features.csv.gz::hist_recv_amount_sum,PASS,float64,
column dtype,testing/Citi/node_features.csv.gz::hist_out_degree,PASS,float64,
column dtype,testing/Citi/node_features.csv.gz::hist_in_degree,PASS,float64,
duplicate txn_id values,testing/Citi/transactions.csv.gz,PASS,0,
duplicate txn_id values,testing/Citi/ground_truth.csv.gz,PASS,0,
invalid or unparseable timestamps,testing/Citi/ground_truth.csv.gz,PASS,0,
timestamps outside expected period,testing/Citi/ground_truth.csv.gz,PASS,0,
zero amounts,testing/Citi/transactions.csv.gz,PASS,0,
negative amounts,testing/Citi/transactions.csv.gz,PASS,0,
extreme amount max,testing/Citi/transactions.csv.gz,PASS,7751889.1,
invalid labels,testing/Citi/ground_truth.csv.gz,PASS,0,
class imbalance,testing/Citi/ground_truth.csv.gz,WARNING,"{""0"": 18174, ""1"": 18}",fraud_rate=0.000989
unique source accounts,testing/Citi/transactions.csv.gz,PASS,3529,
unique destination accounts,testing/Citi/transactions.csv.gz,PASS,4683,
unknown account references,testing/Citi,PASS,0,
invalid bank values,testing/Citi/transactions.csv.gz,PASS,1,
inconsistent currencies,testing/Citi/transactions.csv.gz,WARNING,"EUR,USD",
constant columns,testing/Citi/transactions.csv.gz::src_bank_id,WARNING,1,
constant columns,testing/Citi/transactions.csv.gz::Overdraft_Okay,WARNING,1,
constant columns,testing/Citi/transactions.csv.gz::Is_All_Cash,WARNING,1,
graph nodes missing from node maps,testing/Citi/edge_list.csv.gz,PASS,0,
duplicate graph edges,testing/Citi/edge_list.csv.gz,PASS,0,
disconnected or isolated nodes,testing/Citi,PASS,0,
graph endpoint node features,testing/Citi,PASS,7976,
transactions match labels,testing/Citi,PASS,0,
core file exists,testing/Fifth_Third_Bancorp/transactions.csv.gz,PASS,True,
core file exists,testing/Fifth_Third_Bancorp/ground_truth.csv.gz,PASS,True,
core file exists,testing/Fifth_Third_Bancorp/edge_list.csv.gz,PASS,True,
core file exists,testing/Fifth_Third_Bancorp/node_map.csv.gz,PASS,True,
core file exists,testing/Fifth_Third_Bancorp/node_features.csv.gz,PASS,True,
row count,testing/Fifth_Third_Bancorp/transactions.csv.gz,PASS,17262,
duplicate rows,testing/Fifth_Third_Bancorp/transactions.csv.gz,PASS,0,
missing values by column,testing/Fifth_Third_Bancorp/transactions.csv.gz::txn_id,PASS,0,
missing values by column,testing/Fifth_Third_Bancorp/transactions.csv.gz::timestamp,PASS,0,
missing values by column,testing/Fifth_Third_Bancorp/transactions.csv.gz::Transaction_Date,PASS,0,
missing values by column,testing/Fifth_Third_Bancorp/transactions.csv.gz::Transaction_Time,PASS,0,
missing values by column,testing/Fifth_Third_Bancorp/transactions.csv.gz::src_id,PASS,0,
missing values by column,testing/Fifth_Third_Bancorp/transactions.csv.gz::dst_id,PASS,0,
missing values by column,testing/Fifth_Third_Bancorp/transactions.csv.gz::src_bank_id,PASS,0,
missing values by column,testing/Fifth_Third_Bancorp/transactions.csv.gz::dst_bank_id,PASS,0,
missing values by column,testing/Fifth_Third_Bancorp/transactions.csv.gz::Transaction_Day_of_Week,PASS,0,
missing values by column,testing/Fifth_Third_Bancorp/transactions.csv.gz::amount,PASS,0,
missing values by column,testing/Fifth_Third_Bancorp/transactions.csv.gz::currency,PASS,0,
missing values by column,testing/Fifth_Third_Bancorp/transactions.csv.gz::Amount_Received,PASS,0,
missing values by column,testing/Fifth_Third_Bancorp/transactions.csv.gz::Receiving_Currency,PASS,0,
missing values by column,testing/Fifth_Third_Bancorp/transactions.csv.gz::payment_format,PASS,0,
missing values by column,testing/Fifth_Third_Bancorp/transactions.csv.gz::From_Initial_Balance,PASS,0,
missing values by column,testing/Fifth_Third_Bancorp/transactions.csv.gz::To_Initial_Balance,PASS,0,
missing values by column,testing/Fifth_Third_Bancorp/transactions.csv.gz::Sufficient_Funds,PASS,0,
missing values by column,testing/Fifth_Third_Bancorp/transactions.csv.gz::Overdraft_Okay,PASS,0,
missing values by column,testing/Fifth_Third_Bancorp/transactions.csv.gz::Is_All_Cash,PASS,0,
missing values by column,testing/Fifth_Third_Bancorp/transactions.csv.gz::Is_Hold,PASS,0,
missing values by column,testing/Fifth_Third_Bancorp/transactions.csv.gz::transaction_type_model_safe,PASS,0,
missing values by column,testing/Fifth_Third_Bancorp/transactions.csv.gz::src_prev_txn_count,PASS,0,
missing values by column,testing/Fifth_Third_Bancorp/transactions.csv.gz::src_prev_amount_sum,PASS,0,
missing values by column,testing/Fifth_Third_Bancorp/transactions.csv.gz::src_prev_amount_mean,PASS,0,
missing values by column,testing/Fifth_Third_Bancorp/transactions.csv.gz::dst_prev_txn_count,PASS,0,
missing values by column,testing/Fifth_Third_Bancorp/transactions.csv.gz::dst_prev_amount_sum,PASS,0,
missing values by column,testing/Fifth_Third_Bancorp/transactions.csv.gz::dst_prev_amount_mean,PASS,0,
column dtype,testing/Fifth_Third_Bancorp/transactions.csv.gz::txn_id,PASS,int64,
column dtype,testing/Fifth_Third_Bancorp/transactions.csv.gz::timestamp,PASS,str,
column dtype,testing/Fifth_Third_Bancorp/transactions.csv.gz::Transaction_Date,PASS,str,
column dtype,testing/Fifth_Third_Bancorp/transactions.csv.gz::Transaction_Time,PASS,str,
column dtype,testing/Fifth_Third_Bancorp/transactions.csv.gz::src_id,PASS,int64,
column dtype,testing/Fifth_Third_Bancorp/transactions.csv.gz::dst_id,PASS,int64,
column dtype,testing/Fifth_Third_Bancorp/transactions.csv.gz::src_bank_id,PASS,str,
column dtype,testing/Fifth_Third_Bancorp/transactions.csv.gz::dst_bank_id,PASS,str,
column dtype,testing/Fifth_Third_Bancorp/transactions.csv.gz::Transaction_Day_of_Week,PASS,str,
column dtype,testing/Fifth_Third_Bancorp/transactions.csv.gz::amount,PASS,float64,
column dtype,testing/Fifth_Third_Bancorp/transactions.csv.gz::currency,PASS,str,
column dtype,testing/Fifth_Third_Bancorp/transactions.csv.gz::Amount_Received,PASS,float64,
column dtype,testing/Fifth_Third_Bancorp/transactions.csv.gz::Receiving_Currency,PASS,str,
column dtype,testing/Fifth_Third_Bancorp/transactions.csv.gz::payment_format,PASS,str,
column dtype,testing/Fifth_Third_Bancorp/transactions.csv.gz::From_Initial_Balance,PASS,float64,
column dtype,testing/Fifth_Third_Bancorp/transactions.csv.gz::To_Initial_Balance,PASS,float64,
column dtype,testing/Fifth_Third_Bancorp/transactions.csv.gz::Sufficient_Funds,PASS,int64,
column dtype,testing/Fifth_Third_Bancorp/transactions.csv.gz::Overdraft_Okay,PASS,int64,
column dtype,testing/Fifth_Third_Bancorp/transactions.csv.gz::Is_All_Cash,PASS,int64,
column dtype,testing/Fifth_Third_Bancorp/transactions.csv.gz::Is_Hold,PASS,int64,
column dtype,testing/Fifth_Third_Bancorp/transactions.csv.gz::transaction_type_model_safe,PASS,str,
column dtype,testing/Fifth_Third_Bancorp/transactions.csv.gz::src_prev_txn_count,PASS,int64,
column dtype,testing/Fifth_Third_Bancorp/transactions.csv.gz::src_prev_amount_sum,PASS,float64,
column dtype,testing/Fifth_Third_Bancorp/transactions.csv.gz::src_prev_amount_mean,PASS,float64,
column dtype,testing/Fifth_Third_Bancorp/transactions.csv.gz::dst_prev_txn_count,PASS,int64,
column dtype,testing/Fifth_Third_Bancorp/transactions.csv.gz::dst_prev_amount_sum,PASS,float64,
column dtype,testing/Fifth_Third_Bancorp/transactions.csv.gz::dst_prev_amount_mean,PASS,float64,
row count,testing/Fifth_Third_Bancorp/ground_truth.csv.gz,PASS,17262,
duplicate rows,testing/Fifth_Third_Bancorp/ground_truth.csv.gz,PASS,0,
missing values by column,testing/Fifth_Third_Bancorp/ground_truth.csv.gz::txn_id,PASS,0,
missing values by column,testing/Fifth_Third_Bancorp/ground_truth.csv.gz::timestamp,PASS,0,
missing values by column,testing/Fifth_Third_Bancorp/ground_truth.csv.gz::split,PASS,0,
missing values by column,testing/Fifth_Third_Bancorp/ground_truth.csv.gz::y,PASS,0,
column dtype,testing/Fifth_Third_Bancorp/ground_truth.csv.gz::txn_id,PASS,int64,
column dtype,testing/Fifth_Third_Bancorp/ground_truth.csv.gz::timestamp,PASS,str,
column dtype,testing/Fifth_Third_Bancorp/ground_truth.csv.gz::split,PASS,str,
column dtype,testing/Fifth_Third_Bancorp/ground_truth.csv.gz::y,PASS,int64,
row count,testing/Fifth_Third_Bancorp/edge_list.csv.gz,PASS,17262,
duplicate rows,testing/Fifth_Third_Bancorp/edge_list.csv.gz,PASS,0,
missing values by column,testing/Fifth_Third_Bancorp/edge_list.csv.gz::txn_id,PASS,0,
missing values by column,testing/Fifth_Third_Bancorp/edge_list.csv.gz::src_node,PASS,0,
missing values by column,testing/Fifth_Third_Bancorp/edge_list.csv.gz::dst_node,PASS,0,
missing values by column,testing/Fifth_Third_Bancorp/edge_list.csv.gz::timestamp,PASS,0,
missing values by column,testing/Fifth_Third_Bancorp/edge_list.csv.gz::amount,PASS,0,
missing values by column,testing/Fifth_Third_Bancorp/edge_list.csv.gz::currency,PASS,0,
missing values by column,testing/Fifth_Third_Bancorp/edge_list.csv.gz::Amount_Received,PASS,0,
missing values by column,testing/Fifth_Third_Bancorp/edge_list.csv.gz::Receiving_Currency,PASS,0,
missing values by column,testing/Fifth_Third_Bancorp/edge_list.csv.gz::payment_format,PASS,0,
missing values by column,testing/Fifth_Third_Bancorp/edge_list.csv.gz::transaction_type_model_safe,PASS,0,
column dtype,testing/Fifth_Third_Bancorp/edge_list.csv.gz::txn_id,PASS,int64,
column dtype,testing/Fifth_Third_Bancorp/edge_list.csv.gz::src_node,PASS,int64,
column dtype,testing/Fifth_Third_Bancorp/edge_list.csv.gz::dst_node,PASS,int64,
column dtype,testing/Fifth_Third_Bancorp/edge_list.csv.gz::timestamp,PASS,str,
column dtype,testing/Fifth_Third_Bancorp/edge_list.csv.gz::amount,PASS,float64,
column dtype,testing/Fifth_Third_Bancorp/edge_list.csv.gz::currency,PASS,str,
column dtype,testing/Fifth_Third_Bancorp/edge_list.csv.gz::Amount_Received,PASS,float64,
column dtype,testing/Fifth_Third_Bancorp/edge_list.csv.gz::Receiving_Currency,PASS,str,
column dtype,testing/Fifth_Third_Bancorp/edge_list.csv.gz::payment_format,PASS,str,
column dtype,testing/Fifth_Third_Bancorp/edge_list.csv.gz::transaction_type_model_safe,PASS,str,
row count,testing/Fifth_Third_Bancorp/node_map.csv.gz,PASS,7266,
duplicate rows,testing/Fifth_Third_Bancorp/node_map.csv.gz,PASS,0,
missing values by column,testing/Fifth_Third_Bancorp/node_map.csv.gz::account_id,PASS,0,
missing values by column,testing/Fifth_Third_Bancorp/node_map.csv.gz::node_id,PASS,0,
column dtype,testing/Fifth_Third_Bancorp/node_map.csv.gz::account_id,PASS,int64,
column dtype,testing/Fifth_Third_Bancorp/node_map.csv.gz::node_id,PASS,int64,
row count,testing/Fifth_Third_Bancorp/node_features.csv.gz,PASS,7266,
duplicate rows,testing/Fifth_Third_Bancorp/node_features.csv.gz,PASS,0,
missing values by column,testing/Fifth_Third_Bancorp/node_features.csv.gz::node_id,PASS,0,
missing values by column,testing/Fifth_Third_Bancorp/node_features.csv.gz::Account_Country,PASS,0,
missing values by column,testing/Fifth_Third_Bancorp/node_features.csv.gz::Account_Currency,PASS,0,
missing values by column,testing/Fifth_Third_Bancorp/node_features.csv.gz::Entity_Type,PASS,0,
missing values by column,testing/Fifth_Third_Bancorp/node_features.csv.gz::Does_Account_Have_Debit_Card,PASS,0,
missing values by column,testing/Fifth_Third_Bancorp/node_features.csv.gz::DebitCard_Index_in_EntityCards,PASS,0,
missing values by column,testing/Fifth_Third_Bancorp/node_features.csv.gz::MCC,PASS,0,
missing values by column,testing/Fifth_Third_Bancorp/node_features.csv.gz::Account_Type,PASS,0,
missing values by column,testing/Fifth_Third_Bancorp/node_features.csv.gz::Max_Overdraft,PASS,0,
missing values by column,testing/Fifth_Third_Bancorp/node_features.csv.gz::account_kind,PASS,0,
missing values by column,testing/Fifth_Third_Bancorp/node_features.csv.gz::hist_sent_count,PASS,0,
missing values by column,testing/Fifth_Third_Bancorp/node_features.csv.gz::hist_sent_amount_sum,PASS,0,
missing values by column,testing/Fifth_Third_Bancorp/node_features.csv.gz::hist_recv_count,PASS,0,
missing values by column,testing/Fifth_Third_Bancorp/node_features.csv.gz::hist_recv_amount_sum,PASS,0,
missing values by column,testing/Fifth_Third_Bancorp/node_features.csv.gz::hist_out_degree,PASS,0,
missing values by column,testing/Fifth_Third_Bancorp/node_features.csv.gz::hist_in_degree,PASS,0,
column dtype,testing/Fifth_Third_Bancorp/node_features.csv.gz::node_id,PASS,int64,
column dtype,testing/Fifth_Third_Bancorp/node_features.csv.gz::Account_Country,PASS,str,
column dtype,testing/Fifth_Third_Bancorp/node_features.csv.gz::Account_Currency,PASS,str,
column dtype,testing/Fifth_Third_Bancorp/node_features.csv.gz::Entity_Type,PASS,str,
column dtype,testing/Fifth_Third_Bancorp/node_features.csv.gz::Does_Account_Have_Debit_Card,PASS,float64,
column dtype,testing/Fifth_Third_Bancorp/node_features.csv.gz::DebitCard_Index_in_EntityCards,PASS,float64,
column dtype,testing/Fifth_Third_Bancorp/node_features.csv.gz::MCC,PASS,float64,
column dtype,testing/Fifth_Third_Bancorp/node_features.csv.gz::Account_Type,PASS,str,
column dtype,testing/Fifth_Third_Bancorp/node_features.csv.gz::Max_Overdraft,PASS,float64,
column dtype,testing/Fifth_Third_Bancorp/node_features.csv.gz::account_kind,PASS,str,
column dtype,testing/Fifth_Third_Bancorp/node_features.csv.gz::hist_sent_count,PASS,float64,
column dtype,testing/Fifth_Third_Bancorp/node_features.csv.gz::hist_sent_amount_sum,PASS,float64,
column dtype,testing/Fifth_Third_Bancorp/node_features.csv.gz::hist_recv_count,PASS,float64,
column dtype,testing/Fifth_Third_Bancorp/node_features.csv.gz::hist_recv_amount_sum,PASS,float64,
column dtype,testing/Fifth_Third_Bancorp/node_features.csv.gz::hist_out_degree,PASS,float64,
column dtype,testing/Fifth_Third_Bancorp/node_features.csv.gz::hist_in_degree,PASS,float64,
duplicate txn_id values,testing/Fifth_Third_Bancorp/transactions.csv.gz,PASS,0,
duplicate txn_id values,testing/Fifth_Third_Bancorp/ground_truth.csv.gz,PASS,0,
invalid or unparseable timestamps,testing/Fifth_Third_Bancorp/ground_truth.csv.gz,PASS,0,
timestamps outside expected period,testing/Fifth_Third_Bancorp/ground_truth.csv.gz,PASS,0,
zero amounts,testing/Fifth_Third_Bancorp/transactions.csv.gz,PASS,0,
negative amounts,testing/Fifth_Third_Bancorp/transactions.csv.gz,PASS,0,
extreme amount max,testing/Fifth_Third_Bancorp/transactions.csv.gz,PASS,27841907.79,
invalid labels,testing/Fifth_Third_Bancorp/ground_truth.csv.gz,PASS,0,
class imbalance,testing/Fifth_Third_Bancorp/ground_truth.csv.gz,WARNING,"{""0"": 17236, ""1"": 26}",fraud_rate=0.001506
unique source accounts,testing/Fifth_Third_Bancorp/transactions.csv.gz,PASS,2061,
unique destination accounts,testing/Fifth_Third_Bancorp/transactions.csv.gz,PASS,5319,
unknown account references,testing/Fifth_Third_Bancorp,PASS,0,
invalid bank values,testing/Fifth_Third_Bancorp/transactions.csv.gz,PASS,1,
inconsistent currencies,testing/Fifth_Third_Bancorp/transactions.csv.gz,WARNING,"HUF,USD",
constant columns,testing/Fifth_Third_Bancorp/transactions.csv.gz::src_bank_id,WARNING,1,
constant columns,testing/Fifth_Third_Bancorp/transactions.csv.gz::currency,WARNING,1,
constant columns,testing/Fifth_Third_Bancorp/transactions.csv.gz::Sufficient_Funds,WARNING,1,
constant columns,testing/Fifth_Third_Bancorp/transactions.csv.gz::Overdraft_Okay,WARNING,1,
constant columns,testing/Fifth_Third_Bancorp/transactions.csv.gz::Is_All_Cash,WARNING,1,
graph nodes missing from node maps,testing/Fifth_Third_Bancorp/edge_list.csv.gz,PASS,0,
duplicate graph edges,testing/Fifth_Third_Bancorp/edge_list.csv.gz,PASS,0,
disconnected or isolated nodes,testing/Fifth_Third_Bancorp,PASS,0,
graph endpoint node features,testing/Fifth_Third_Bancorp,PASS,7266,
transactions match labels,testing/Fifth_Third_Bancorp,PASS,0,
core file exists,testing/Key_Bank/transactions.csv.gz,PASS,True,
core file exists,testing/Key_Bank/ground_truth.csv.gz,PASS,True,
core file exists,testing/Key_Bank/edge_list.csv.gz,PASS,True,
core file exists,testing/Key_Bank/node_map.csv.gz,PASS,True,
core file exists,testing/Key_Bank/node_features.csv.gz,PASS,True,
row count,testing/Key_Bank/transactions.csv.gz,PASS,11194,
duplicate rows,testing/Key_Bank/transactions.csv.gz,PASS,0,
missing values by column,testing/Key_Bank/transactions.csv.gz::txn_id,PASS,0,
missing values by column,testing/Key_Bank/transactions.csv.gz::timestamp,PASS,0,
missing values by column,testing/Key_Bank/transactions.csv.gz::Transaction_Date,PASS,0,
missing values by column,testing/Key_Bank/transactions.csv.gz::Transaction_Time,PASS,0,
missing values by column,testing/Key_Bank/transactions.csv.gz::src_id,PASS,0,
missing values by column,testing/Key_Bank/transactions.csv.gz::dst_id,PASS,0,
missing values by column,testing/Key_Bank/transactions.csv.gz::src_bank_id,PASS,0,
missing values by column,testing/Key_Bank/transactions.csv.gz::dst_bank_id,PASS,0,
missing values by column,testing/Key_Bank/transactions.csv.gz::Transaction_Day_of_Week,PASS,0,
missing values by column,testing/Key_Bank/transactions.csv.gz::amount,PASS,0,
missing values by column,testing/Key_Bank/transactions.csv.gz::currency,PASS,0,
missing values by column,testing/Key_Bank/transactions.csv.gz::Amount_Received,PASS,0,
missing values by column,testing/Key_Bank/transactions.csv.gz::Receiving_Currency,PASS,0,
missing values by column,testing/Key_Bank/transactions.csv.gz::payment_format,PASS,0,
missing values by column,testing/Key_Bank/transactions.csv.gz::From_Initial_Balance,PASS,0,
missing values by column,testing/Key_Bank/transactions.csv.gz::To_Initial_Balance,PASS,0,
missing values by column,testing/Key_Bank/transactions.csv.gz::Sufficient_Funds,PASS,0,
missing values by column,testing/Key_Bank/transactions.csv.gz::Overdraft_Okay,PASS,0,
missing values by column,testing/Key_Bank/transactions.csv.gz::Is_All_Cash,PASS,0,
missing values by column,testing/Key_Bank/transactions.csv.gz::Is_Hold,PASS,0,
missing values by column,testing/Key_Bank/transactions.csv.gz::transaction_type_model_safe,PASS,0,
missing values by column,testing/Key_Bank/transactions.csv.gz::src_prev_txn_count,PASS,0,
missing values by column,testing/Key_Bank/transactions.csv.gz::src_prev_amount_sum,PASS,0,
missing values by column,testing/Key_Bank/transactions.csv.gz::src_prev_amount_mean,PASS,0,
missing values by column,testing/Key_Bank/transactions.csv.gz::dst_prev_txn_count,PASS,0,
missing values by column,testing/Key_Bank/transactions.csv.gz::dst_prev_amount_sum,PASS,0,
missing values by column,testing/Key_Bank/transactions.csv.gz::dst_prev_amount_mean,PASS,0,
column dtype,testing/Key_Bank/transactions.csv.gz::txn_id,PASS,int64,
column dtype,testing/Key_Bank/transactions.csv.gz::timestamp,PASS,str,
column dtype,testing/Key_Bank/transactions.csv.gz::Transaction_Date,PASS,str,
column dtype,testing/Key_Bank/transactions.csv.gz::Transaction_Time,PASS,str,
column dtype,testing/Key_Bank/transactions.csv.gz::src_id,PASS,int64,
column dtype,testing/Key_Bank/transactions.csv.gz::dst_id,PASS,int64,
column dtype,testing/Key_Bank/transactions.csv.gz::src_bank_id,PASS,str,
column dtype,testing/Key_Bank/transactions.csv.gz::dst_bank_id,PASS,str,
column dtype,testing/Key_Bank/transactions.csv.gz::Transaction_Day_of_Week,PASS,str,
column dtype,testing/Key_Bank/transactions.csv.gz::amount,PASS,float64,
column dtype,testing/Key_Bank/transactions.csv.gz::currency,PASS,str,
column dtype,testing/Key_Bank/transactions.csv.gz::Amount_Received,PASS,float64,
column dtype,testing/Key_Bank/transactions.csv.gz::Receiving_Currency,PASS,str,
column dtype,testing/Key_Bank/transactions.csv.gz::payment_format,PASS,str,
column dtype,testing/Key_Bank/transactions.csv.gz::From_Initial_Balance,PASS,float64,
column dtype,testing/Key_Bank/transactions.csv.gz::To_Initial_Balance,PASS,float64,
column dtype,testing/Key_Bank/transactions.csv.gz::Sufficient_Funds,PASS,int64,
column dtype,testing/Key_Bank/transactions.csv.gz::Overdraft_Okay,PASS,int64,
column dtype,testing/Key_Bank/transactions.csv.gz::Is_All_Cash,PASS,int64,
column dtype,testing/Key_Bank/transactions.csv.gz::Is_Hold,PASS,int64,
column dtype,testing/Key_Bank/transactions.csv.gz::transaction_type_model_safe,PASS,str,
column dtype,testing/Key_Bank/transactions.csv.gz::src_prev_txn_count,PASS,int64,
column dtype,testing/Key_Bank/transactions.csv.gz::src_prev_amount_sum,PASS,float64,
column dtype,testing/Key_Bank/transactions.csv.gz::src_prev_amount_mean,PASS,float64,
column dtype,testing/Key_Bank/transactions.csv.gz::dst_prev_txn_count,PASS,int64,
column dtype,testing/Key_Bank/transactions.csv.gz::dst_prev_amount_sum,PASS,float64,
column dtype,testing/Key_Bank/transactions.csv.gz::dst_prev_amount_mean,PASS,float64,
row count,testing/Key_Bank/ground_truth.csv.gz,PASS,11194,
duplicate rows,testing/Key_Bank/ground_truth.csv.gz,PASS,0,
missing values by column,testing/Key_Bank/ground_truth.csv.gz::txn_id,PASS,0,
missing values by column,testing/Key_Bank/ground_truth.csv.gz::timestamp,PASS,0,
missing values by column,testing/Key_Bank/ground_truth.csv.gz::split,PASS,0,
missing values by column,testing/Key_Bank/ground_truth.csv.gz::y,PASS,0,
column dtype,testing/Key_Bank/ground_truth.csv.gz::txn_id,PASS,int64,
column dtype,testing/Key_Bank/ground_truth.csv.gz::timestamp,PASS,str,
column dtype,testing/Key_Bank/ground_truth.csv.gz::split,PASS,str,
column dtype,testing/Key_Bank/ground_truth.csv.gz::y,PASS,int64,
row count,testing/Key_Bank/edge_list.csv.gz,PASS,11194,
duplicate rows,testing/Key_Bank/edge_list.csv.gz,PASS,0,
missing values by column,testing/Key_Bank/edge_list.csv.gz::txn_id,PASS,0,
missing values by column,testing/Key_Bank/edge_list.csv.gz::src_node,PASS,0,
missing values by column,testing/Key_Bank/edge_list.csv.gz::dst_node,PASS,0,
missing values by column,testing/Key_Bank/edge_list.csv.gz::timestamp,PASS,0,
missing values by column,testing/Key_Bank/edge_list.csv.gz::amount,PASS,0,
missing values by column,testing/Key_Bank/edge_list.csv.gz::currency,PASS,0,
missing values by column,testing/Key_Bank/edge_list.csv.gz::Amount_Received,PASS,0,
missing values by column,testing/Key_Bank/edge_list.csv.gz::Receiving_Currency,PASS,0,
missing values by column,testing/Key_Bank/edge_list.csv.gz::payment_format,PASS,0,
missing values by column,testing/Key_Bank/edge_list.csv.gz::transaction_type_model_safe,PASS,0,
column dtype,testing/Key_Bank/edge_list.csv.gz::txn_id,PASS,int64,
column dtype,testing/Key_Bank/edge_list.csv.gz::src_node,PASS,int64,
column dtype,testing/Key_Bank/edge_list.csv.gz::dst_node,PASS,int64,
column dtype,testing/Key_Bank/edge_list.csv.gz::timestamp,PASS,str,
column dtype,testing/Key_Bank/edge_list.csv.gz::amount,PASS,float64,
column dtype,testing/Key_Bank/edge_list.csv.gz::currency,PASS,str,
column dtype,testing/Key_Bank/edge_list.csv.gz::Amount_Received,PASS,float64,
column dtype,testing/Key_Bank/edge_list.csv.gz::Receiving_Currency,PASS,str,
column dtype,testing/Key_Bank/edge_list.csv.gz::payment_format,PASS,str,
column dtype,testing/Key_Bank/edge_list.csv.gz::transaction_type_model_safe,PASS,str,
row count,testing/Key_Bank/node_map.csv.gz,PASS,4868,
duplicate rows,testing/Key_Bank/node_map.csv.gz,PASS,0,
missing values by column,testing/Key_Bank/node_map.csv.gz::account_id,PASS,0,
missing values by column,testing/Key_Bank/node_map.csv.gz::node_id,PASS,0,
column dtype,testing/Key_Bank/node_map.csv.gz::account_id,PASS,int64,
column dtype,testing/Key_Bank/node_map.csv.gz::node_id,PASS,int64,
row count,testing/Key_Bank/node_features.csv.gz,PASS,4868,
duplicate rows,testing/Key_Bank/node_features.csv.gz,PASS,0,
missing values by column,testing/Key_Bank/node_features.csv.gz::node_id,PASS,0,
missing values by column,testing/Key_Bank/node_features.csv.gz::Account_Country,PASS,0,
missing values by column,testing/Key_Bank/node_features.csv.gz::Account_Currency,PASS,0,
missing values by column,testing/Key_Bank/node_features.csv.gz::Entity_Type,PASS,0,
missing values by column,testing/Key_Bank/node_features.csv.gz::Does_Account_Have_Debit_Card,PASS,0,
missing values by column,testing/Key_Bank/node_features.csv.gz::DebitCard_Index_in_EntityCards,PASS,0,
missing values by column,testing/Key_Bank/node_features.csv.gz::MCC,PASS,0,
missing values by column,testing/Key_Bank/node_features.csv.gz::Account_Type,PASS,0,
missing values by column,testing/Key_Bank/node_features.csv.gz::Max_Overdraft,PASS,0,
missing values by column,testing/Key_Bank/node_features.csv.gz::account_kind,PASS,0,
missing values by column,testing/Key_Bank/node_features.csv.gz::hist_sent_count,PASS,0,
missing values by column,testing/Key_Bank/node_features.csv.gz::hist_sent_amount_sum,PASS,0,
missing values by column,testing/Key_Bank/node_features.csv.gz::hist_recv_count,PASS,0,
missing values by column,testing/Key_Bank/node_features.csv.gz::hist_recv_amount_sum,PASS,0,
missing values by column,testing/Key_Bank/node_features.csv.gz::hist_out_degree,PASS,0,
missing values by column,testing/Key_Bank/node_features.csv.gz::hist_in_degree,PASS,0,
column dtype,testing/Key_Bank/node_features.csv.gz::node_id,PASS,int64,
column dtype,testing/Key_Bank/node_features.csv.gz::Account_Country,PASS,str,
column dtype,testing/Key_Bank/node_features.csv.gz::Account_Currency,PASS,str,
column dtype,testing/Key_Bank/node_features.csv.gz::Entity_Type,PASS,str,
column dtype,testing/Key_Bank/node_features.csv.gz::Does_Account_Have_Debit_Card,PASS,float64,
column dtype,testing/Key_Bank/node_features.csv.gz::DebitCard_Index_in_EntityCards,PASS,float64,
column dtype,testing/Key_Bank/node_features.csv.gz::MCC,PASS,float64,
column dtype,testing/Key_Bank/node_features.csv.gz::Account_Type,PASS,str,
column dtype,testing/Key_Bank/node_features.csv.gz::Max_Overdraft,PASS,float64,
column dtype,testing/Key_Bank/node_features.csv.gz::account_kind,PASS,str,
column dtype,testing/Key_Bank/node_features.csv.gz::hist_sent_count,PASS,float64,
column dtype,testing/Key_Bank/node_features.csv.gz::hist_sent_amount_sum,PASS,float64,
column dtype,testing/Key_Bank/node_features.csv.gz::hist_recv_count,PASS,float64,
column dtype,testing/Key_Bank/node_features.csv.gz::hist_recv_amount_sum,PASS,float64,
column dtype,testing/Key_Bank/node_features.csv.gz::hist_out_degree,PASS,float64,
column dtype,testing/Key_Bank/node_features.csv.gz::hist_in_degree,PASS,float64,
duplicate txn_id values,testing/Key_Bank/transactions.csv.gz,PASS,0,
duplicate txn_id values,testing/Key_Bank/ground_truth.csv.gz,PASS,0,
invalid or unparseable timestamps,testing/Key_Bank/ground_truth.csv.gz,PASS,0,
timestamps outside expected period,testing/Key_Bank/ground_truth.csv.gz,PASS,0,
zero amounts,testing/Key_Bank/transactions.csv.gz,PASS,0,
negative amounts,testing/Key_Bank/transactions.csv.gz,PASS,0,
extreme amount max,testing/Key_Bank/transactions.csv.gz,PASS,8626566.37,
invalid labels,testing/Key_Bank/ground_truth.csv.gz,PASS,0,
class imbalance,testing/Key_Bank/ground_truth.csv.gz,WARNING,"{""0"": 11149, ""1"": 45}",fraud_rate=0.004020
unique source accounts,testing/Key_Bank/transactions.csv.gz,PASS,2025,
unique destination accounts,testing/Key_Bank/transactions.csv.gz,PASS,2918,
unknown account references,testing/Key_Bank,PASS,0,
invalid bank values,testing/Key_Bank/transactions.csv.gz,PASS,1,
inconsistent currencies,testing/Key_Bank/transactions.csv.gz,WARNING,"CNY,EUR,USD",
constant columns,testing/Key_Bank/transactions.csv.gz::src_bank_id,WARNING,1,
constant columns,testing/Key_Bank/transactions.csv.gz::Overdraft_Okay,WARNING,1,
constant columns,testing/Key_Bank/transactions.csv.gz::Is_All_Cash,WARNING,1,
graph nodes missing from node maps,testing/Key_Bank/edge_list.csv.gz,PASS,0,
duplicate graph edges,testing/Key_Bank/edge_list.csv.gz,PASS,0,
disconnected or isolated nodes,testing/Key_Bank,PASS,0,
graph endpoint node features,testing/Key_Bank,PASS,4868,
transactions match labels,testing/Key_Bank,PASS,0,
transactions duplicated across splits or banks,all ground_truth,PASS,0,
transactions lost during splitting,all ground_truth,PASS,543298,selected-bank rows in final dataset
schema differences across folders,training/Wells_Fargo,PASS,"{""transactions"": 27, ""ground_truth"": 4, ""edge_list"": 10, ""node_map"": 2, ""node_features"": 16}",
schema differences across folders,training/Citi,PASS,"{""transactions"": 27, ""ground_truth"": 4, ""edge_list"": 10, ""node_map"": 2, ""node_features"": 16}",
schema differences across folders,training/Fifth_Third_Bancorp,PASS,"{""transactions"": 27, ""ground_truth"": 4, ""edge_list"": 10, ""node_map"": 2, ""node_features"": 16}",
schema differences across folders,training/Key_Bank,PASS,"{""transactions"": 27, ""ground_truth"": 4, ""edge_list"": 10, ""node_map"": 2, ""node_features"": 16}",
schema differences across folders,validation/JPMorgan_Chase,PASS,"{""transactions"": 27, ""ground_truth"": 4, ""edge_list"": 10, ""node_map"": 2, ""node_features"": 16}",
schema differences across folders,validation/Wells_Fargo,PASS,"{""transactions"": 27, ""ground_truth"": 4, ""edge_list"": 10, ""node_map"": 2, ""node_features"": 16}",
schema differences across folders,validation/Citi,PASS,"{""transactions"": 27, ""ground_truth"": 4, ""edge_list"": 10, ""node_map"": 2, ""node_features"": 16}",
schema differences across folders,validation/Fifth_Third_Bancorp,PASS,"{""transactions"": 27, ""ground_truth"": 4, ""edge_list"": 10, ""node_map"": 2, ""node_features"": 16}",
schema differences across folders,validation/Key_Bank,PASS,"{""transactions"": 27, ""ground_truth"": 4, ""edge_list"": 10, ""node_map"": 2, ""node_features"": 16}",
schema differences across folders,testing/JPMorgan_Chase,PASS,"{""transactions"": 27, ""ground_truth"": 4, ""edge_list"": 10, ""node_map"": 2, ""node_features"": 16}",
schema differences across folders,testing/Wells_Fargo,PASS,"{""transactions"": 27, ""ground_truth"": 4, ""edge_list"": 10, ""node_map"": 2, ""node_features"": 16}",
schema differences across folders,testing/Citi,PASS,"{""transactions"": 27, ""ground_truth"": 4, ""edge_list"": 10, ""node_map"": 2, ""node_features"": 16}",
schema differences across folders,testing/Fifth_Third_Bancorp,PASS,"{""transactions"": 27, ""ground_truth"": 4, ""edge_list"": 10, ""node_map"": 2, ""node_features"": 16}",
schema differences across folders,testing/Key_Bank,PASS,"{""transactions"": 27, ""ground_truth"": 4, ""edge_list"": 10, ""node_map"": 2, ""node_features"": 16}",
